Player,Team,Age,GP,W,L,Min,PTS,FGM,FGA,FG%,3PM,3PA,3P%,FTM,FTA,FT%,OREB,DREB,REB,AST,TOV,STL,BLK,PF,FP,DD2,TD3,+/-
Joel Embiid,PHI,29,66,43,23,34.6,33.1,11.0,20.1,54.8,1.0,3.0,33.0,10.0,11.7,85.7,1.7,8.4,10.2,4.2,3.4,1.0,1.7,3.1,56.2,39.0,1.0,6.4
Luka Doncic,DAL,24,66,33,33,36.2,32.4,10.9,22.0,49.6,2.8,8.2,34.2,7.8,10.5,74.2,0.8,7.8,8.6,8.0,3.6,1.4,0.5,2.5,56.8,36.0,10.0,1.9
Damian Lillard,POR,32,58,27,31,36.3,32.2,9.6,20.7,46.3,4.2,11.3,37.1,8.8,9.6,91.4,0.8,4.0,4.8,7.3,3.3,0.9,0.3,1.9,49.1,16.0,2.0,1.8
Shai Gilgeous-Alexander,OKC,24,68,33,35,35.5,31.4,10.4,20.3,51.0,0.9,2.5,34.5,9.8,10.9,90.5,0.9,4.0,4.8,5.5,2.8,1.6,1.0,2.8,50.4,3.0,0.0,2.2
Giannis Antetokounmpo,MIL,28,63,47,16,32.1,31.1,11.2,20.3,55.3,0.7,2.7,27.5,7.9,12.3,64.5,2.2,9.6,11.8,5.7,3.9,0.8,0.8,3.1,54.8,46.0,6.0,5.4
Jayson Tatum,BOS,25,74,52,22,36.9,30.1,9.8,21.1,46.6,3.2,9.3,35.0,7.2,8.4,85.4,1.1,7.7,8.8,4.6,2.9,1.1,0.7,2.2,49.9,31.0,1.0,6.4
Stephen Curry,GSW,35,56,30,26,34.7,29.4,10.0,20.2,49.3,4.9,11.4,42.7,4.6,5.0,91.5,0.7,5.4,6.1,6.3,3.2,0.9,0.4,2.1,46.8,12.0,1.0,4.8
Kevin Durant,PHX,34,47,34,13,35.6,29.1,10.3,18.3,56.0,2.0,4.9,40.4,6.5,7.1,91.9,0.4,6.3,6.7,5.0,3.3,0.7,1.4,2.1,47.7,5.0,1.0,5.5
LeBron James,LAL,38,55,30,25,35.5,28.9,11.1,22.2,50.0,2.2,6.9,32.1,4.6,5.9,76.8,1.2,7.1,8.3,6.8,3.2,0.9,0.6,1.6,50.3,18.0,2.0,3.9
Donovan Mitchell,CLE,26,68,44,24,35.8,28.3,10.0,20.6,48.4,3.6,9.3,38.6,4.7,5.4,86.7,0.9,3.3,4.3,4.4,2.6,1.5,0.4,2.5,42.9,5.0,0.0,5.0
Devin Booker,PHX,26,53,34,19,34.6,27.8,9.9,20.1,49.4,2.1,6.0,35.1,5.8,6.8,85.5,0.9,3.7,4.5,5.5,2.7,1.0,0.3,3.0,42.7,5.0,0.0,4.7
Kyrie Irving,DAL,31,60,32,28,37.3,27.1,9.9,20.1,49.4,3.1,8.3,37.9,4.1,4.6,90.5,1.0,4.1,5.1,5.5,2.1,1.1,0.8,2.8,44.8,5.0,0.0,3.7
Jaylen Brown,BOS,26,67,46,21,35.9,26.6,10.1,20.6,49.1,2.4,7.3,33.5,3.9,5.1,76.5,1.2,5.7,6.9,3.5,2.9,1.1,0.4,2.6,41.6,13.0,0.0,3.8
Trae Young,ATL,24,73,38,35,34.8,26.2,8.2,19.0,42.9,2.1,6.3,33.5,7.8,8.8,88.6,0.8,2.2,3.0,10.2,4.1,1.1,0.1,1.4,44.6,40.0,0.0,1.4
Ja Morant,MEM,23,61,40,21,31.9,26.2,9.3,19.9,46.6,1.5,4.9,30.7,6.1,8.1,74.8,1.0,4.9,5.9,8.1,3.4,1.1,0.3,1.6,46.0,20.0,7.0,5.0
Zion Williamson,NOP,22,29,17,12,33.0,26.0,9.8,16.2,60.8,0.2,0.7,36.8,6.1,8.6,71.4,2.0,5.0,7.0,4.6,3.4,1.1,0.6,2.2,42.8,5.0,0.0,5.1
Anthony Davis,LAL,30,56,31,25,34.0,25.9,9.7,17.2,56.3,0.3,1.3,25.7,6.2,7.9,78.4,3.5,9.1,12.5,2.6,2.2,1.1,2.0,2.6,52.0,40.0,0.0,3.7
Lauri Markkanen,UTA,26,66,32,34,34.4,25.6,8.7,17.3,49.9,3.0,7.7,39.2,5.3,6.0,87.5,2.0,6.7,8.6,1.9,1.9,0.6,0.6,2.1,40.5,28.0,0.0,2.5
Julius Randle,NYK,28,77,44,33,35.5,25.1,8.5,18.6,45.9,2.8,8.3,34.3,5.2,6.9,75.7,1.8,8.1,10.0,4.1,2.8,0.6,0.3,3.0,43.2,40.0,0.0,2.2
De'Aaron Fox,SAC,25,73,44,29,33.4,25.0,9.3,18.2,51.2,1.6,5.0,32.4,4.7,6.0,78.0,0.5,3.6,4.2,6.1,2.5,1.1,0.3,2.4,41.1,11.0,0.0,2.4
Zach LaVine,CHI,28,77,38,39,35.9,24.8,8.7,18.0,48.5,2.6,7.1,37.5,4.7,5.6,84.8,0.5,3.9,4.5,4.2,2.5,0.9,0.2,2.1,37.5,2.0,0.0,0.2
Brandon Ingram,NOP,25,45,23,22,34.2,24.7,9.0,18.6,48.4,1.4,3.6,39.0,5.3,6.0,88.2,0.5,5.0,5.5,5.8,3.3,0.7,0.4,2.6,40.1,6.0,2.0,2.1
Anthony Edwards,MIN,21,79,40,39,36.0,24.6,8.9,19.5,45.9,2.7,7.3,36.9,4.0,5.3,75.6,0.6,5.2,5.8,4.4,3.3,1.6,0.7,2.4,41.9,9.0,0.0,1.2
DeMar DeRozan,CHI,33,74,37,37,36.2,24.5,8.9,17.6,50.4,0.6,1.9,32.4,6.2,7.1,87.2,0.5,4.2,4.6,5.1,2.1,1.1,0.5,2.5,40.5,6.0,0.0,0.9
Nikola Jokic,DEN,28,69,48,21,33.7,24.5,9.4,14.8,63.2,0.8,2.2,38.3,4.9,6.0,82.2,2.4,9.4,11.8,9.8,3.6,1.3,0.7,2.5,55.7,58.0,29.0,9.3
Pascal Siakam,TOR,29,71,35,36,37.4,24.2,8.9,18.5,48.0,1.3,4.0,32.4,5.2,6.7,77.4,1.8,6.0,7.8,5.8,2.4,0.9,0.5,3.2,44.3,24.0,2.0,1.7
Jalen Brunson,NYK,26,68,40,28,35.0,24.0,8.6,17.6,49.1,2.0,4.7,41.6,4.8,5.8,82.9,0.6,3.0,3.5,6.2,2.1,0.9,0.2,2.2,38.8,5.0,0.0,2.2
Kawhi Leonard,LAC,32,52,33,19,33.6,23.8,8.6,16.8,51.2,2.0,4.8,41.6,4.7,5.4,87.1,1.1,5.4,6.5,3.9,1.7,1.4,0.5,1.6,41.6,4.0,0.0,4.2
Paul George,LAC,33,56,32,24,34.6,23.8,8.2,17.9,45.7,2.8,7.6,37.1,4.6,5.3,87.1,0.8,5.3,6.1,5.1,3.1,1.5,0.4,2.8,41.2,8.0,1.0,2.8
LaMelo Ball,CHA,21,36,13,23,35.2,23.3,8.2,20.0,41.1,4.0,10.6,37.6,2.8,3.4,84.3,1.2,5.3,6.4,8.4,3.6,1.3,0.3,3.3,44.8,17.0,3.0,-4.2
Bradley Beal,WAS,30,50,24,26,33.5,23.2,8.9,17.6,50.6,1.6,4.4,36.5,3.8,4.6,84.2,0.8,3.1,3.9,5.4,2.9,0.9,0.7,2.1,37.8,2.0,0.0,0.8
Kristaps Porzingis,WAS,27,65,27,38,32.6,23.2,7.8,15.7,49.8,2.1,5.5,38.5,5.4,6.4,85.1,1.8,6.6,8.4,2.7,2.1,0.9,1.5,3.0,42.4,20.0,0.0,1.2
Jimmy Butler,MIA,33,64,35,29,33.4,22.9,7.5,13.9,53.9,0.6,1.6,35.0,7.4,8.7,85.0,2.2,3.7,5.9,5.3,1.6,1.8,0.3,1.3,42.8,11.0,0.0,0.7
Jalen Green,HOU,21,76,20,56,34.2,22.1,7.4,17.9,41.6,2.5,7.3,33.8,4.8,6.1,78.6,0.6,3.2,3.7,3.7,2.6,0.8,0.2,1.7,32.6,0.0,0.0,-5.9
Keldon Johnson,SAS,23,63,17,46,32.8,22.0,8.0,17.7,45.2,2.1,6.5,32.9,3.9,5.2,74.9,0.9,4.2,5.0,2.9,2.1,0.7,0.2,2.0,33.0,5.0,0.0,-7.8
Klay Thompson,GSW,33,69,38,31,33.0,21.9,7.9,18.1,43.6,4.4,10.6,41.2,1.7,1.9,87.9,0.6,3.6,4.1,2.4,1.8,0.7,0.4,1.9,32.0,2.0,0.0,2.4
Darius Garland,CLE,23,69,40,29,35.5,21.6,7.6,16.4,46.2,2.4,6.0,41.0,4.0,4.7,86.3,0.4,2.3,2.7,7.8,2.9,1.2,0.1,2.1,37.7,18.0,0.0,6.3
Bojan Bogdanovic,DET,34,59,15,44,32.1,21.6,7.3,14.9,48.8,2.5,6.0,41.1,4.5,5.1,88.4,0.6,3.2,3.8,2.6,2.3,0.6,0.1,1.9,29.8,0.0,0.0,-5.6
Desmond Bane,MEM,25,58,38,20,31.7,21.5,7.8,16.2,47.9,2.9,7.0,40.8,3.1,3.5,88.3,0.7,4.3,5.0,4.4,2.2,1.0,0.4,2.6,36.0,1.0,0.0,6.1
Kyle Kuzma,WAS,27,64,29,35,35.0,21.2,8.0,17.8,44.8,2.5,7.5,33.3,2.7,3.7,73.0,0.9,6.4,7.2,3.7,3.0,0.6,0.5,2.3,35.6,14.0,1.0,0.2
Terry Rozier,CHA,29,63,19,44,35.3,21.1,7.8,18.9,41.5,2.6,8.0,32.7,2.8,3.5,80.9,0.8,3.3,4.1,5.1,2.1,1.2,0.3,1.9,35.8,1.0,0.0,-4.6
Anfernee Simons,POR,24,62,27,35,35.0,21.1,7.5,16.9,44.7,3.4,9.1,37.7,2.6,2.9,89.4,0.3,2.3,2.6,4.1,2.1,0.7,0.2,2.3,30.9,0.0,0.0,-1.2
James Harden,PHI,33,58,39,19,36.8,21.0,6.4,14.5,44.1,2.8,7.2,38.5,5.4,6.2,86.7,0.7,5.4,6.1,10.7,3.4,1.2,0.5,1.9,46.2,36.0,5.0,4.8
CJ McCollum,NOP,31,75,38,37,35.3,20.9,7.8,17.9,43.7,2.8,7.2,38.9,2.4,3.2,76.9,0.7,3.6,4.4,5.7,2.4,0.9,0.5,2.0,36.6,6.0,0.0,0.8
Jordan Clarkson,UTA,31,61,30,31,32.6,20.8,7.5,16.9,44.4,2.5,7.5,33.8,3.3,4.0,81.6,1.2,2.9,4.0,4.4,3.0,0.5,0.2,2.0,31.5,3.0,0.0,0.6
Karl-Anthony Towns,MIN,27,29,15,14,33.0,20.8,7.3,14.8,49.5,2.1,5.7,36.6,4.1,4.7,87.4,1.7,6.5,8.1,4.8,3.0,0.7,0.6,3.8,38.6,9.0,0.0,1.3
Tyrese Haliburton,IND,23,56,28,28,33.6,20.7,7.4,15.0,49.0,2.9,7.2,40.0,3.1,3.6,87.1,0.6,3.1,3.7,10.4,2.5,1.6,0.4,1.2,44.5,32.0,0.0,-0.6
Jerami Grant,POR,29,63,28,35,35.6,20.5,6.9,14.5,47.5,2.3,5.7,40.1,4.4,5.4,81.3,0.8,3.7,4.5,2.4,1.8,0.8,0.8,2.4,32.5,2.0,0.0,-0.6
Dejounte Murray,ATL,26,74,38,36,36.4,20.5,8.3,17.8,46.4,1.8,5.2,34.4,2.1,2.6,83.2,0.7,4.5,5.3,6.1,2.2,1.5,0.3,1.4,39.0,8.0,1.0,-0.8
Jordan Poole,GSW,24,82,44,38,30.0,20.4,6.7,15.6,43.0,2.6,7.8,33.6,4.4,5.1,87.0,0.4,2.4,2.7,4.5,3.1,0.8,0.3,2.6,30.5,1.0,0.0,-0.1
Bam Adebayo,MIA,25,75,40,35,34.6,20.4,8.0,14.9,54.0,0.0,0.2,8.3,4.3,5.4,80.6,2.5,6.7,9.2,3.2,2.5,1.2,0.8,2.8,39.7,31.0,0.0,1.6
Tyrese Maxey,PHI,22,60,39,21,33.6,20.3,7.3,15.2,48.1,2.7,6.2,43.4,3.0,3.6,84.5,0.4,2.6,2.9,3.5,1.3,0.8,0.1,2.2,30.6,0.0,0.0,4.0
Kelly Oubre Jr.,CHA,27,48,16,32,32.2,20.3,7.4,17.1,43.1,2.3,7.1,31.9,3.3,4.3,76.0,1.4,3.8,5.2,1.1,1.3,1.4,0.4,2.9,32.2,3.0,0.0,-5.8
Mikal Bridges,BKN,26,83,42,41,35.7,20.1,7.1,15.3,46.8,2.0,5.3,38.2,3.8,4.3,89.5,1.0,3.4,4.4,3.3,1.5,1.1,0.7,1.9,34.3,2.0,0.0,0.4
Tyler Herro,MIA,23,67,37,30,34.9,20.1,7.3,16.6,43.9,3.0,8.0,37.8,2.5,2.7,93.4,0.4,5.0,5.4,4.2,2.4,0.8,0.2,1.5,33.5,6.0,1.0,2.5
Louis King,PHI,24,1,1,0,28.8,20.0,8.0,13.0,61.5,4.0,8.0,50.0,0.0,1.0,0.0,2.0,2.0,4.0,2.0,2.0,1.0,0.0,4.0,28.8,0.0,0.0,2.0
Jamal Murray,DEN,26,65,43,22,32.8,20.0,7.3,16.0,45.4,2.6,6.6,39.8,2.8,3.3,83.3,0.7,3.2,4.0,6.2,2.2,1.0,0.2,1.6,35.5,5.0,1.0,4.6
Paolo Banchero,ORL,20,72,31,41,33.7,20.0,6.7,15.6,42.7,1.2,4.0,29.8,5.5,7.4,73.8,1.2,5.7,6.9,3.7,2.8,0.8,0.5,2.2,35.2,14.0,0.0,-3.0
Cade Cunningham,DET,21,12,3,9,33.3,19.9,7.8,18.7,41.5,1.4,5.1,27.9,3.0,3.6,83.7,1.0,5.2,6.2,6.0,3.3,0.8,0.6,2.8,37.3,3.0,0.0,-5.0
RJ Barrett,NYK,23,73,40,33,33.9,19.6,7.0,16.1,43.4,1.7,5.3,31.0,4.0,5.4,74.0,0.8,4.2,5.0,2.8,2.2,0.4,0.2,2.5,29.4,3.0,0.0,-0.8
Fred VanVleet,TOR,29,69,34,35,36.7,19.3,6.3,16.1,39.3,3.0,8.8,34.2,3.7,4.1,89.8,0.4,3.6,4.1,7.2,2.0,1.8,0.6,2.8,39.9,10.0,1.0,2.8
Jrue Holiday,MIL,33,67,50,17,32.6,19.3,7.3,15.3,47.9,2.4,6.1,38.4,2.3,2.6,85.9,1.2,3.9,5.1,7.4,2.9,1.2,0.4,1.7,38.2,16.0,0.0,7.2
Kevin Porter Jr.,HOU,23,59,18,41,34.3,19.2,6.6,15.0,44.2,2.4,6.5,36.6,3.5,4.5,78.4,1.3,4.0,5.3,5.7,3.2,1.4,0.3,2.6,36.0,9.0,1.0,-5.8
Domantas Sabonis,SAC,27,79,47,32,34.6,19.1,7.3,11.9,61.5,0.4,1.1,37.3,4.1,5.5,74.2,3.2,9.1,12.3,7.3,2.9,0.8,0.5,3.5,45.8,65.0,14.0,2.7
Jaren Jackson Jr.,MEM,23,63,41,22,28.4,18.6,6.6,13.0,50.6,1.6,4.5,35.5,3.8,4.9,78.8,1.7,5.0,6.8,1.0,1.7,1.0,3.0,3.6,38.6,7.0,0.0,5.8
Franz Wagner,ORL,21,80,33,47,32.6,18.6,6.8,14.0,48.5,1.6,4.5,36.1,3.4,4.0,84.2,0.9,3.2,4.1,3.5,2.1,1.0,0.2,2.3,30.2,2.0,0.0,0.6
Devin Vassell,SAS,22,38,12,26,31.0,18.5,6.9,15.7,43.9,2.7,7.0,38.7,2.1,2.6,78.0,0.2,3.7,3.9,3.6,1.5,1.1,0.4,1.5,31.8,0.0,0.0,-7.8
Deandre Ayton,PHX,24,67,36,31,30.4,18.0,7.8,13.2,58.9,0.1,0.4,29.2,2.3,3.0,76.0,2.6,7.4,10.0,1.7,1.8,0.6,0.8,2.8,34.7,36.0,0.0,-0.1
Myles Turner,IND,27,62,29,33,29.4,18.0,6.5,11.8,54.8,1.5,4.0,37.3,3.5,4.5,78.3,1.4,6.1,7.5,1.4,1.7,0.6,2.3,3.5,36.0,18.0,0.0,-0.8
D'Angelo Russell,LAL,27,71,39,32,32.5,17.8,6.3,13.4,46.9,2.7,6.9,39.6,2.5,3.0,82.9,0.5,2.5,3.0,6.2,2.6,1.0,0.4,2.0,32.2,9.0,0.0,1.2
Nikola Vucevic,CHI,32,82,40,42,33.5,17.6,7.3,14.0,52.0,1.5,4.2,34.9,1.6,1.9,83.5,1.9,9.1,11.0,3.2,1.7,0.7,0.7,2.2,38.3,51.0,1.0,-0.2
Michael Porter Jr.,DEN,25,62,41,21,29.0,17.4,6.4,13.2,48.7,3.0,7.3,41.4,1.5,1.9,80.0,1.0,4.5,5.5,1.0,1.1,0.6,0.5,1.9,27.7,3.0,0.0,6.7
Gary Trent Jr.,TOR,24,66,31,35,32.1,17.4,6.1,14.2,43.3,2.5,6.8,36.9,2.6,3.1,83.9,0.5,2.2,2.6,1.6,0.8,1.6,0.2,1.5,27.5,0.0,0.0,-0.8
Spencer Dinwiddie,BKN,30,79,41,38,34.5,17.3,5.8,13.3,43.8,2.3,6.2,36.9,3.4,4.2,81.2,0.4,3.1,3.4,6.5,1.8,0.8,0.3,2.4,32.8,9.0,0.0,-0.1
Andrew Wiggins,GSW,28,37,19,18,32.2,17.1,6.8,14.3,47.3,2.4,6.1,39.6,1.2,1.9,61.1,1.6,3.4,5.0,2.3,1.3,1.2,0.8,2.9,31.2,3.0,0.0,3.2
Norman Powell,LAC,30,60,31,29,26.1,17.0,5.7,11.8,47.9,1.9,4.8,39.7,3.8,4.6,81.2,0.4,2.5,2.9,1.8,1.7,0.8,0.3,2.1,24.9,0.0,0.0,-2.1
Buddy Hield,IND,30,80,35,45,31.0,16.8,5.9,13.0,45.8,3.6,8.5,42.5,1.3,1.6,82.2,0.8,4.2,5.0,2.8,1.7,1.2,0.3,2.0,29.7,3.0,0.0,-1.1
O.G. Anunoby,TOR,25,67,33,34,35.6,16.8,6.3,13.2,47.6,2.1,5.5,38.7,2.1,2.5,83.8,1.4,3.5,5.0,2.0,2.0,1.9,0.7,3.0,31.7,2.0,0.0,2.0
Bennedict Mathurin,IND,21,78,33,45,28.5,16.7,5.3,12.2,43.4,1.3,4.0,32.3,4.8,5.8,82.8,1.1,3.0,4.1,1.5,1.9,0.6,0.2,2.1,24.2,0.0,0.0,-2.3
Christian Wood,DAL,27,67,33,34,25.9,16.6,5.9,11.5,51.5,1.6,4.2,37.6,3.2,4.2,77.2,1.3,6.0,7.3,1.8,1.8,0.4,1.1,2.5,30.9,12.0,0.0,-0.7
Josh Giddey,OKC,20,76,34,42,31.1,16.6,7.1,14.7,48.2,1.0,3.1,32.5,1.4,1.9,73.1,1.9,5.9,7.9,6.2,2.8,0.8,0.4,1.9,36.0,28.0,4.0,-1.4
Aaron Gordon,DEN,27,68,45,23,30.2,16.3,6.3,11.2,56.4,0.9,2.5,34.7,2.8,4.6,60.8,2.4,4.1,6.6,3.0,1.4,0.8,0.8,1.9,31.8,11.0,0.0,7.6
Jaden Ivey,DET,21,74,16,58,31.1,16.3,5.5,13.3,41.6,1.6,4.7,34.3,3.6,4.8,74.7,1.0,2.9,3.9,5.2,3.2,0.8,0.2,3.3,28.7,8.0,0.0,-8.7
Evan Mobley,CLE,22,79,48,31,34.4,16.2,6.6,12.0,55.4,0.3,1.3,21.6,2.6,3.8,67.4,2.4,6.6,9.0,2.8,1.8,0.8,1.5,2.8,36.2,24.0,0.0,4.3
RaiQuan Gray,BKN,23,1,0,1,35.1,16.0,6.0,12.0,50.0,2.0,5.0,40.0,2.0,2.0,100,3.0,6.0,9.0,7.0,4.0,0.0,1.0,5.0,36.3,0.0,0.0,-14.0
Brook Lopez,MIL,35,78,57,21,30.4,15.9,6.1,11.5,53.1,1.7,4.7,37.4,1.9,2.4,78.4,2.0,4.7,6.7,1.3,1.4,0.5,2.5,2.6,33.3,11.0,0.0,5.1
Russell Westbrook,LAC,34,73,36,37,29.1,15.9,5.9,13.6,43.6,1.2,3.9,31.1,2.8,4.3,65.6,1.2,4.6,5.8,7.5,3.5,1.0,0.5,2.2,35.1,24.0,4.0,-0.3
P.J. Washington,CHA,24,73,24,49,32.6,15.7,5.9,13.4,44.4,2.0,5.9,34.8,1.7,2.4,73.0,1.0,3.9,4.9,2.4,1.5,0.9,1.1,2.6,29.6,3.0,0.0,-5.1
Cameron Johnson,BKN,27,42,25,17,28.6,15.5,5.3,11.3,47.0,2.5,6.1,40.4,2.4,2.9,84.2,0.8,3.6,4.4,1.9,0.9,1.2,0.3,2.0,27.2,1.0,0.0,3.7
De'Andre Hunter,ATL,25,67,35,32,31.7,15.4,5.7,12.3,46.1,1.5,4.3,35.0,2.6,3.1,82.6,0.7,3.6,4.2,1.4,1.2,0.5,0.3,3.0,23.7,1.0,0.0,-0.3
Skylar Mays,POR,25,6,1,5,31.5,15.3,5.7,11.3,50.0,2.0,4.3,46.2,2.0,2.2,92.3,0.3,2.8,3.2,8.3,1.7,1.0,0.2,1.8,33.5,1.0,0.0,-12.3
Scottie Barnes,TOR,21,77,38,39,34.8,15.3,6.0,13.2,45.6,0.8,2.9,28.1,2.5,3.2,77.2,2.3,4.3,6.6,4.8,2.0,1.1,0.8,2.2,34.1,15.0,1.0,2.3
Wendell Carter Jr.,ORL,24,57,26,31,29.6,15.2,5.6,10.8,52.5,1.4,3.9,35.6,2.5,3.4,73.8,2.1,6.6,8.7,2.3,1.9,0.5,0.6,2.8,30.6,21.0,0.0,-0.7
Kevin Huerter,SAC,24,75,44,31,29.4,15.2,5.6,11.5,48.5,2.7,6.8,40.2,1.3,1.7,72.5,0.6,2.8,3.3,2.9,1.3,1.1,0.3,2.4,26.5,0.0,0.0,3.0
Khris Middleton,MIL,31,33,25,8,24.3,15.1,5.4,12.3,43.6,1.5,4.9,31.5,2.8,3.1,90.2,0.8,3.4,4.2,4.9,2.2,0.7,0.2,2.1,28.0,4.0,0.0,4.0
Harrison Barnes,SAC,31,82,48,34,32.5,15.0,4.6,9.6,47.3,1.6,4.3,37.4,4.3,5.0,84.7,1.1,3.4,4.5,1.6,1.0,0.7,0.1,1.3,24.1,0.0,0.0,3.1
Immanuel Quickley,NYK,24,81,47,34,28.9,14.9,5.2,11.6,44.8,2.1,5.6,37.0,2.5,3.1,81.9,0.7,3.4,4.2,3.4,1.2,1.0,0.2,2.0,27.3,4.0,0.0,3.9
Malcolm Brogdon,BOS,30,67,46,21,26.0,14.9,5.3,10.9,48.4,2.0,4.4,44.4,2.4,2.7,87.0,0.6,3.6,4.2,3.7,1.5,0.7,0.3,1.6,26.9,0.0,0.0,2.7
Alperen Sengun,HOU,20,75,18,57,28.9,14.8,5.9,10.7,55.3,0.3,0.8,33.3,2.7,3.8,71.5,3.2,5.8,9.0,3.9,2.6,0.9,0.9,3.4,34.5,29.0,2.0,-3.8
Tobias Harris,PHI,30,74,47,27,32.9,14.7,5.7,11.4,50.1,1.7,4.4,38.9,1.5,1.7,87.6,0.9,4.8,5.7,2.5,1.2,0.9,0.5,2.0,28.5,7.0,0.0,4.0
Gordon Hayward,CHA,33,50,20,30,31.5,14.7,5.5,11.6,47.5,1.0,3.2,32.5,2.6,3.2,81.1,0.7,3.6,4.3,4.1,2.0,0.8,0.2,1.4,27.3,2.0,0.0,-2.2
Trey Murphy III,NOP,23,79,39,40,31.0,14.5,4.9,10.1,48.4,2.6,6.3,40.6,2.2,2.4,90.5,0.7,2.8,3.6,1.4,0.8,1.1,0.5,2.0,25.2,1.0,0.0,0.5
Tim Hardaway Jr.,DAL,31,71,37,34,30.3,14.4,4.8,11.9,40.1,3.0,7.7,38.5,1.8,2.3,77.0,0.3,3.2,3.5,1.8,0.8,0.7,0.2,1.7,23.1,0.0,0.0,2.3
Dillon Brooks,MEM,27,73,46,27,30.3,14.3,5.4,13.6,39.6,2.0,6.0,32.6,1.6,2.1,77.9,0.6,2.7,3.3,2.6,1.4,0.9,0.2,3.3,24.1,0.0,0.0,2.8
Collin Sexton,UTA,24,48,24,24,23.9,14.3,4.9,9.8,50.6,1.0,2.5,39.3,3.4,4.1,81.9,0.8,1.4,2.2,2.9,1.8,0.6,0.1,2.3,21.5,1.0,0.0,-0.6
Jarrett Allen,CLE,25,68,44,24,32.6,14.3,5.9,9.2,64.4,0.0,0.1,10.0,2.4,3.3,73.3,3.3,6.5,9.8,1.7,1.4,0.8,1.2,2.3,33.2,32.0,0.0,5.1
Jonas Valanciunas,NOP,31,79,40,39,24.9,14.1,5.6,10.3,54.7,0.5,1.4,34.9,2.3,2.8,82.6,2.8,7.3,10.2,1.8,2.0,0.3,0.7,3.1,29.7,43.0,0.0,-0.1
Bobby Portis,MIL,28,70,47,23,26.0,14.1,5.7,11.5,49.6,1.4,3.7,37.0,1.4,1.8,76.8,2.2,7.4,9.6,1.5,1.2,0.4,0.2,1.6,28.6,38.0,0.0,0.2
Jalen Williams,OKC,22,75,36,39,30.3,14.1,5.5,10.6,52.1,1.0,2.7,35.6,2.1,2.5,81.2,1.1,3.4,4.5,3.3,1.6,1.4,0.5,2.5,28.3,3.0,0.0,-0.7
Bogdan Bogdanovic,ATL,30,54,27,27,27.9,14.0,5.1,11.3,44.7,2.7,6.7,40.6,1.2,1.4,83.1,0.4,2.6,3.1,2.8,1.2,0.8,0.3,1.6,24.0,0.0,0.0,1.2
Markelle Fultz,ORL,25,60,29,31,29.6,14.0,5.8,11.3,51.4,0.5,1.5,31.0,1.9,2.4,78.3,1.2,2.8,3.9,5.7,2.3,1.5,0.4,2.2,30.5,3.0,0.0,-2.2
Chris Paul,PHX,38,59,33,26,32.0,13.9,5.0,11.3,44.0,1.7,4.4,37.5,2.3,2.7,83.1,0.5,3.8,4.3,8.9,1.9,1.5,0.4,2.1,36.1,17.0,0.0,1.4
Saddiq Bey,ATL,24,77,24,53,27.6,13.8,4.6,10.9,42.2,2.0,5.4,36.1,2.7,3.1,86.1,1.3,3.4,4.7,1.5,0.9,0.9,0.2,1.6,24.0,4.0,0.0,-1.9
Luguentz Dort,OKC,24,74,36,38,30.7,13.7,4.6,11.8,38.8,1.8,5.5,33.0,2.7,3.5,77.2,1.7,2.9,4.6,2.1,1.2,1.0,0.3,3.3,25.1,5.0,0.0,0.5
Malik Monk,SAC,25,77,47,30,22.3,13.5,4.6,10.3,44.8,1.9,5.2,35.9,2.4,2.7,88.9,0.4,2.2,2.6,3.9,1.9,0.6,0.3,1.6,23.3,0.0,0.0,0.9
Rudy Gobert,MIN,31,70,34,36,30.7,13.4,5.1,7.8,65.9,0.0,0.0,0.0,3.1,4.9,64.4,3.3,8.3,11.6,1.2,1.7,0.8,1.4,3.0,34.0,35.0,0.0,-0.1
Jusuf Nurkic,POR,28,52,24,28,26.8,13.3,5.0,9.7,51.9,0.8,2.3,36.1,2.4,3.7,66.1,2.2,6.9,9.1,2.9,2.3,0.8,0.8,3.6,31.2,18.0,0.0,0.2
Kris Dunn,UTA,29,22,8,14,25.8,13.2,5.3,9.8,53.7,0.8,1.6,47.2,1.9,2.4,77.4,0.4,4.1,4.5,5.6,1.6,1.1,0.5,2.6,30.3,3.0,0.0,-2.8
John Collins,ATL,25,71,37,34,30.0,13.1,5.1,10.0,50.8,1.0,3.4,29.2,2.0,2.5,80.3,1.1,5.4,6.5,1.2,1.1,0.6,1.0,3.1,26.5,11.0,0.0,-0.3
Cole Anthony,ORL,23,60,28,32,25.9,13.0,4.6,10.2,45.4,1.3,3.4,36.4,2.5,2.8,89.4,0.8,4.0,4.8,3.9,1.5,0.6,0.5,2.6,26.5,1.0,0.0,-0.4
Austin Reaves,LAL,25,64,35,29,28.8,13.0,4.0,7.7,52.9,1.3,3.4,39.8,3.6,4.1,86.4,0.5,2.5,3.0,3.4,1.5,0.5,0.3,1.7,22.6,1.0,0.0,3.3
Tre Jones,SAS,23,68,20,48,29.2,12.9,5.0,10.9,45.9,0.7,2.3,28.5,2.2,2.5,86.0,0.8,2.8,3.6,6.6,1.6,1.3,0.1,1.4,29.8,6.0,2.0,-4.8
Jabari Smith Jr.,HOU,20,79,21,58,31.0,12.8,4.6,11.3,40.8,1.5,4.9,30.7,2.1,2.6,78.6,1.5,5.7,7.2,1.3,1.3,0.5,0.9,2.9,26.5,16.0,0.0,-7.0
Alec Burks,DET,31,51,12,39,22.0,12.8,3.9,9.0,43.6,1.9,4.7,41.4,3.0,3.7,81.4,0.4,2.7,3.1,2.2,1.1,0.7,0.2,1.9,21.4,0.0,0.0,-0.1
Kenyon Martin Jr.,HOU,22,82,22,60,28.0,12.7,5.0,8.8,56.9,0.8,2.6,31.5,1.8,2.7,68.0,1.5,4.0,5.5,1.5,1.1,0.5,0.4,1.8,23.0,5.0,0.0,-4.5
Malik Beasley,LAL,26,81,45,36,25.8,12.7,4.6,11.6,39.5,2.9,8.1,35.7,0.6,0.8,76.9,0.4,3.1,3.5,1.5,1.1,0.8,0.1,1.3,20.8,1.0,0.0,-1.1
Nic Claxton,BKN,24,76,41,35,29.9,12.6,5.4,7.7,70.5,0.0,0.0,0.0,1.8,3.2,54.1,2.4,6.8,9.2,1.9,1.3,0.9,2.5,2.8,35.3,28.0,0.0,1.6
Dennis Schroder,LAL,29,66,37,29,30.1,12.6,4.1,9.8,41.5,1.1,3.4,32.9,3.3,3.8,85.7,0.3,2.2,2.5,4.5,1.7,0.8,0.2,2.2,23.4,2.0,0.0,1.9
Mac McClung,PHI,24,2,2,0,20.5,12.5,4.5,10.0,45.0,2.0,5.5,36.4,1.5,2.5,60.0,1.5,3.5,5.0,4.5,1.5,0.0,0.0,1.5,23.8,0.0,0.0,9.0
Jakob Poeltl,TOR,27,72,26,46,26.5,12.5,5.4,8.6,62.9,0.0,0.0,0.0,1.7,2.8,59.2,3.3,5.8,9.1,2.7,1.7,0.9,1.2,2.7,32.0,19.0,0.0,-2.0
Kelly Olynyk,UTA,32,68,28,40,28.6,12.5,4.1,8.2,49.9,1.4,3.5,39.4,2.9,3.4,85.3,1.2,5.0,6.2,3.7,2.5,0.9,0.5,3.4,27.2,9.0,0.0,0.2
Eric Gordon,LAC,34,69,25,44,28.5,12.4,4.2,9.5,44.6,1.9,5.2,37.1,2.1,2.5,82.1,0.2,1.7,1.9,2.7,1.5,0.6,0.4,1.1,20.2,0.0,0.0,-3.0
Derrick White,BOS,28,82,57,25,28.3,12.4,4.3,9.2,46.2,1.8,4.8,38.1,2.0,2.3,87.5,0.6,2.9,3.6,3.9,1.2,0.7,0.9,2.2,26.2,7.0,0.0,6.0
Keegan Murray,SAC,22,80,47,33,29.8,12.2,4.4,9.8,45.3,2.6,6.3,41.1,0.8,1.0,76.5,1.1,3.5,4.6,1.2,0.8,0.8,0.5,2.0,22.7,4.0,0.0,1.2
Caris LeVert,CLE,28,74,45,29,30.2,12.1,4.3,10.0,43.1,1.7,4.4,39.2,1.8,2.4,72.2,0.7,3.1,3.8,3.9,1.6,1.0,0.3,2.3,24.8,1.0,0.0,2.6
Jaden McDaniels,MIN,22,79,41,38,30.6,12.1,4.7,9.1,51.7,1.4,3.4,39.8,1.3,1.8,73.6,1.2,2.7,3.9,1.9,1.4,0.9,1.0,3.4,23.8,0.0,0.0,0.9
Marvin Bagley III,DET,24,42,7,35,23.6,12.0,4.8,9.1,52.9,0.5,1.6,28.8,1.9,2.6,75.0,2.2,4.2,6.4,0.9,1.1,0.5,0.7,1.9,23.4,8.0,0.0,-5.5
Clint Capela,ATL,29,65,35,30,26.6,12.0,5.4,8.2,65.3,0.0,0.0,0.0,1.2,2.0,60.3,4.0,7.1,11.0,0.9,0.8,0.7,1.2,2.1,31.5,35.0,0.0,-0.5
Mike Conley,MIN,35,67,34,33,30.3,11.9,3.9,9.1,42.8,2.0,5.2,38.5,2.1,2.5,83.4,0.5,2.2,2.7,6.7,1.5,1.1,0.2,2.1,27.6,6.0,0.0,0.9
Bones Hyland,LAC,22,56,36,20,19.4,11.8,4.1,10.2,39.9,2.1,5.6,37.1,1.5,1.8,84.3,0.4,2.1,2.4,3.1,1.5,0.7,0.3,1.7,20.7,1.0,0.0,-2.3
Lonnie Walker IV,LAL,24,56,27,29,23.2,11.7,4.2,9.4,44.8,1.6,4.4,36.5,1.6,1.9,85.8,0.3,1.7,1.9,1.1,0.8,0.5,0.3,1.3,17.4,0.0,0.0,-3.7
Zach Collins,SAS,25,63,20,43,22.9,11.6,4.5,8.7,51.8,0.9,2.3,37.4,1.7,2.3,76.1,1.8,4.5,6.4,2.9,2.0,0.6,0.8,3.2,25.6,9.0,0.0,-3.8
Bruce Brown,DEN,26,80,53,27,28.5,11.5,4.5,9.3,48.3,1.1,3.2,35.8,1.5,1.9,75.8,0.8,3.3,4.1,3.4,1.5,1.1,0.6,2.4,25.1,3.0,1.0,0.4
Max Strus,MIA,27,80,42,38,28.4,11.5,4.1,9.9,41.0,2.5,7.0,35.0,1.0,1.1,87.6,0.6,2.6,3.2,2.1,0.9,0.5,0.2,2.1,19.8,2.0,0.0,-1.8
Marcus Smart,BOS,29,61,43,18,32.1,11.5,4.1,9.9,41.5,1.9,5.6,33.6,1.4,1.9,74.6,0.8,2.4,3.1,6.3,2.3,1.5,0.4,2.8,28.0,6.0,0.0,3.9
Naz Reid,MIN,23,68,32,36,18.4,11.5,4.6,8.5,53.7,1.1,3.2,34.6,1.3,1.9,67.7,1.1,3.8,4.9,1.1,1.4,0.6,0.8,2.6,21.9,4.0,0.0,-1.9
John Wall,LAC,32,34,15,19,22.2,11.4,4.1,10.0,40.7,1.0,3.2,30.3,2.3,3.3,68.1,0.4,2.3,2.7,5.2,2.4,0.8,0.4,1.7,23.5,1.0,0.0,-3.1
Isaiah Stewart,DET,22,50,12,38,28.3,11.3,3.9,8.8,44.2,1.3,4.1,32.7,2.2,3.0,73.8,2.3,5.8,8.1,1.4,1.4,0.4,0.7,2.7,25.0,13.0,0.0,-4.5
Quentin Grimes,NYK,23,71,41,30,29.9,11.3,4.0,8.5,46.8,2.2,5.7,38.6,1.1,1.4,79.6,0.7,2.5,3.2,2.1,1.0,0.7,0.4,2.5,20.4,0.0,0.0,2.6
Rui Hachimura,LAL,25,63,38,25,23.3,11.2,4.5,9.3,48.6,0.8,2.5,31.9,1.4,1.9,73.9,0.8,3.7,4.5,0.9,0.8,0.3,0.4,1.1,19.3,2.0,0.0,-0.4
Marcus Morris Sr.,LAC,33,65,35,30,28.1,11.2,4.2,9.9,42.6,1.7,4.7,36.5,1.0,1.3,78.2,0.4,3.5,4.0,1.8,0.9,0.6,0.3,2.1,20.6,2.0,0.0,-0.2
Kyle Lowry,MIA,37,55,30,25,31.2,11.2,3.6,8.8,40.4,1.9,5.6,34.5,2.1,2.5,85.9,0.8,3.3,4.1,5.1,1.9,1.0,0.4,2.6,26.1,2.0,1.0,1.0
Corey Kispert,WAS,24,74,31,43,28.3,11.1,3.9,7.9,49.7,2.2,5.2,42.4,1.0,1.2,85.2,0.4,2.4,2.8,1.2,0.7,0.4,0.1,1.3,17.1,0.0,0.0,-1.7
Jeremy Sochan,SAS,20,56,15,41,26.0,11.0,4.5,9.9,45.3,0.6,2.4,24.6,1.4,2.1,69.8,1.7,3.6,5.3,2.5,1.7,0.8,0.4,2.5,22.9,2.0,0.0,-4.2
Mason Plumlee,LAC,33,79,28,51,26.0,10.8,4.2,6.1,68.0,0.0,0.0,0.0,2.5,4.0,63.6,2.9,6.0,8.9,3.1,1.5,0.6,0.6,2.7,28.2,23.0,0.0,-3.4
Jaylen Nowell,MIN,23,65,34,31,19.3,10.8,4.3,9.6,44.8,1.0,3.6,28.9,1.2,1.5,77.8,0.6,2.1,2.6,2.0,1.0,0.6,0.1,1.6,18.2,0.0,0.0,-0.1
Kentavious Caldwell-Pope,DEN,30,76,51,25,31.3,10.8,3.8,8.3,46.2,1.8,4.2,42.3,1.4,1.6,82.4,0.5,2.3,2.7,2.4,1.1,1.5,0.5,1.9,22.4,0.0,0.0,6.5
Ivica Zubac,LAC,26,76,43,33,28.5,10.8,4.3,6.8,63.4,0.0,0.0,0.0,2.2,3.1,69.7,3.1,6.8,9.9,1.0,1.5,0.4,1.3,2.9,27.7,27.0,0.0,-0.4
Talen Horton-Tucker,UTA,22,65,30,35,20.2,10.7,4.0,9.4,41.9,0.9,3.1,28.6,1.9,2.6,75.0,0.6,2.6,3.2,3.8,1.9,0.6,0.4,1.7,21.6,2.0,0.0,-0.1
Victor Oladipo,MIA,31,42,23,19,26.3,10.7,3.8,9.6,39.7,1.7,5.0,33.0,1.4,1.9,74.7,0.4,2.7,3.0,3.5,2.1,1.4,0.3,2.4,22.4,0.0,0.0,-0.8
Jeenathan Williams,POR,24,5,1,4,25.3,10.6,4.8,7.8,61.5,0.6,1.6,37.5,0.4,0.6,66.7,2.0,1.0,3.0,2.0,0.8,0.6,0.4,2.6,19.4,0.0,0.0,-7.6
Cam Thomas,BKN,21,57,30,27,16.6,10.6,3.5,8.0,44.1,0.9,2.3,38.3,2.6,3.1,86.8,0.1,1.5,1.7,1.4,1.1,0.4,0.1,1.0,15.0,0.0,0.0,-0.1
Moritz Wagner,ORL,26,57,27,30,19.5,10.5,3.5,6.9,50.0,0.9,2.9,31.3,2.7,3.2,84.1,1.2,3.3,4.5,1.5,1.2,0.6,0.2,2.4,19.6,3.0,0.0,-0.5
Grayson Allen,MIL,27,72,53,19,27.4,10.4,3.4,7.7,44.0,2.0,5.1,39.9,1.6,1.8,90.5,0.8,2.4,3.3,2.3,1.0,0.9,0.2,1.6,19.9,0.0,0.0,3.2
Killian Hayes,DET,21,76,16,60,28.3,10.3,4.0,10.7,37.7,1.1,3.8,28.0,1.2,1.5,82.1,0.4,2.5,2.9,6.2,2.3,1.4,0.4,2.9,26.0,6.0,0.0,-6.6
Tyus Jones,MEM,27,80,51,29,24.2,10.3,3.9,8.9,43.8,1.5,4.1,37.1,1.0,1.2,80.6,0.4,2.2,2.5,5.2,0.9,1.0,0.1,0.4,23.5,9.0,1.0,1.2
Cameron Payne,PHX,28,48,27,21,20.2,10.3,3.9,9.4,41.5,1.4,3.9,36.8,1.0,1.3,76.6,0.3,2.0,2.2,4.5,1.7,0.7,0.2,1.8,20.5,3.0,0.0,1.6
Monte Morris,WAS,28,62,28,34,27.4,10.3,4.0,8.3,48.0,1.3,3.3,38.2,1.0,1.2,83.1,0.4,3.0,3.4,5.3,1.0,0.7,0.2,1.2,24.0,2.0,0.0,0.1
Doug McDermott,SAS,31,64,19,45,20.5,10.2,3.7,8.2,45.7,1.9,4.7,41.3,0.8,1.1,75.7,0.4,1.8,2.2,1.4,0.9,0.2,0.1,1.8,14.9,0.0,0.0,-3.7
Malaki Branham,SAS,20,66,15,51,23.5,10.2,4.1,9.3,44.0,1.2,3.9,30.2,0.9,1.1,82.9,0.4,2.3,2.7,1.9,1.2,0.5,0.1,1.7,17.0,0.0,0.0,-5.5
Reggie Jackson,DEN,33,68,36,32,24.4,10.2,3.9,9.4,41.1,1.4,4.2,33.3,1.0,1.1,91.0,0.4,1.8,2.1,3.4,1.7,0.7,0.1,1.7,18.5,1.0,0.0,-1.2
Patrick Williams,CHI,21,82,40,42,28.3,10.2,3.8,8.3,46.4,1.4,3.4,41.5,1.1,1.3,85.7,1.0,3.0,4.0,1.2,1.2,0.9,0.9,1.8,20.7,1.0,0.0,-1.7
De'Anthony Melton,PHI,25,77,50,27,27.9,10.1,3.6,8.5,42.5,2.0,5.2,39.0,0.9,1.1,79.3,0.9,3.2,4.1,2.6,1.3,1.6,0.5,2.5,24.0,0.0,0.0,1.3
Aaron Nesmith,IND,23,73,30,43,24.9,10.1,3.5,8.1,42.7,1.6,4.3,36.6,1.6,1.9,83.8,0.8,2.9,3.8,1.3,1.0,0.8,0.5,3.2,19.3,1.0,0.0,-2.9
Josh Richardson,NOP,29,65,24,41,23.5,10.1,3.7,8.5,43.1,1.6,4.5,36.5,1.1,1.2,85.2,0.6,2.1,2.7,2.7,1.3,1.1,0.3,1.8,20.1,1.0,0.0,-2.5
James Wiseman,DET,22,45,11,34,19.3,10.0,4.2,7.5,55.8,0.1,0.4,20.0,1.5,2.2,70.1,1.6,4.3,5.9,0.7,1.1,0.2,0.6,2.4,19.3,8.0,0.0,-7.3
Brandon Clarke,MEM,26,56,32,24,19.5,10.0,4.1,6.2,65.6,0.0,0.1,16.7,1.8,2.5,71.9,1.6,3.9,5.5,1.3,1.0,0.6,0.7,2.3,21.4,6.0,0.0,-0.3
Jonathan Kuminga,GSW,20,67,38,29,20.8,9.9,3.9,7.4,52.5,0.8,2.2,37.0,1.3,2.1,65.2,1.0,2.4,3.4,1.9,1.4,0.6,0.5,2.3,18.7,1.0,0.0,-0.8
Onyeka Okongwu,ATL,22,80,41,39,23.1,9.9,4.0,6.2,63.8,0.1,0.2,30.8,1.9,2.5,78.1,2.7,4.5,7.2,1.0,1.0,0.7,1.3,3.1,25.1,12.0,0.0,0.8
Jalen Suggs,ORL,22,53,20,33,23.5,9.9,3.5,8.4,41.9,1.2,3.8,32.7,1.6,2.2,72.3,1.0,2.0,3.0,2.9,1.8,1.3,0.5,2.3,21.5,0.0,0.0,-0.8
Shaedon Sharpe,POR,20,80,32,48,22.2,9.9,3.8,8.1,47.2,1.3,3.5,36.0,0.9,1.3,71.4,0.8,2.2,3.0,1.2,1.0,0.5,0.3,1.7,16.5,0.0,0.0,-3.7
Luka Samanic,UTA,23,7,2,5,23.0,9.9,3.7,8.1,45.6,1.1,4.4,25.8,1.3,1.9,69.2,0.0,4.3,4.3,2.1,1.4,0.9,0.3,2.4,20.2,0.0,0.0,-0.9
Herbert Jones,NOP,24,66,31,35,29.6,9.8,3.6,7.6,46.9,0.8,2.5,33.5,1.9,2.4,76.4,1.5,2.6,4.1,2.5,1.3,1.6,0.6,3.2,23.7,0.0,0.0,2.3
Thomas Bryant,DEN,25,59,33,26,18.3,9.8,3.9,6.3,62.3,0.4,1.0,44.1,1.6,2.1,73.8,1.5,4.3,5.7,0.5,0.6,0.3,0.5,1.7,19.2,9.0,0.0,-1.6
Al Horford,BOS,37,63,44,19,30.5,9.8,3.6,7.6,47.6,2.3,5.2,44.6,0.2,0.3,71.4,1.2,5.0,6.2,3.0,0.6,0.5,1.0,1.9,25.5,7.0,0.0,4.9
Josh Hart,NYK,28,76,42,34,32.3,9.8,3.6,6.8,52.9,0.8,2.2,37.2,1.7,2.3,75.0,1.9,5.9,7.8,3.8,1.5,1.2,0.3,2.6,27.6,10.0,0.0,4.1
Julian Champagnie,SAS,22,17,7,10,18.8,9.7,3.5,7.6,45.4,1.9,4.8,40.2,0.8,1.0,82.4,0.6,2.9,3.5,0.6,0.6,0.4,0.3,1.5,16.1,1.0,0.0,-4.4
Cam Reddish,POR,23,40,14,26,24.7,9.7,3.5,7.8,44.6,1.1,3.6,31.3,1.6,1.9,85.3,0.5,1.8,2.2,1.4,1.2,1.0,0.4,1.8,17.3,0.0,0.0,-4.8
Coby White,CHI,23,74,37,37,23.4,9.7,3.6,8.0,44.3,1.7,4.6,37.2,0.8,0.9,87.1,0.2,2.6,2.9,2.8,1.0,0.7,0.1,1.6,18.7,1.0,0.0,1.9
Keita Bates-Diop,SAS,27,67,18,49,21.7,9.7,3.5,6.9,50.8,0.8,2.1,39.4,1.8,2.2,79.3,1.0,2.7,3.7,1.5,0.8,0.7,0.3,0.9,18.5,0.0,0.0,-4.0
Caleb Martin,MIA,27,71,38,33,29.3,9.6,3.6,7.7,46.4,1.2,3.3,35.6,1.3,1.6,80.5,1.2,3.6,4.8,1.6,1.1,1.0,0.4,2.0,21.1,2.0,0.0,-0.1
Isaiah Joe,OKC,23,73,36,37,19.1,9.5,3.1,7.0,44.1,2.2,5.4,40.9,1.1,1.4,82.0,0.4,2.0,2.4,1.2,0.5,0.7,0.1,1.4,15.9,0.0,0.0,2.9
Andrew Nembhard,IND,23,75,32,43,27.6,9.5,3.8,8.6,44.1,1.2,3.5,35.0,0.7,0.8,79.0,0.5,2.2,2.7,4.5,1.7,0.9,0.2,2.4,21.1,5.0,0.0,-3.5
Jalen Smith,IND,23,68,31,37,18.8,9.4,3.6,7.5,47.6,0.8,2.8,28.3,1.5,2.0,75.9,1.9,3.9,5.8,1.0,1.1,0.3,0.9,2.3,20.4,7.0,0.0,-1.4
Jalen McDaniels,PHI,25,80,31,49,23.9,9.4,3.5,7.7,45.5,1.0,2.9,33.2,1.5,1.7,84.1,0.8,3.5,4.3,1.6,1.2,1.0,0.4,2.6,20.3,3.0,0.0,-1.9
Gabe Vincent,MIA,27,68,37,31,25.9,9.4,3.4,8.3,40.2,1.7,5.1,33.4,1.0,1.1,87.2,0.4,1.7,2.1,2.5,1.4,0.9,0.1,2.3,17.3,0.0,0.0,-0.4
Donte DiVincenzo,GSW,26,72,42,30,26.3,9.4,3.3,7.5,43.5,2.1,5.3,39.7,0.8,1.0,81.7,1.1,3.4,4.5,3.5,1.6,1.3,0.1,1.8,23.0,4.0,0.0,1.7
Kyle Anderson,MIN,29,69,36,33,28.4,9.4,3.7,7.2,50.9,0.6,1.5,41.0,1.4,2.0,73.5,1.0,4.4,5.3,4.9,1.5,1.1,0.9,2.1,27.7,10.0,3.0,1.3
Chris Boucher,TOR,30,76,39,37,20.0,9.4,3.4,7.0,49.3,0.8,2.5,32.8,1.7,2.2,76.2,2.1,3.5,5.5,0.4,0.5,0.6,0.8,1.9,20.4,9.0,0.0,-0.2
Hamidou Diallo,DET,24,56,12,44,17.8,9.3,3.8,6.7,57.3,0.1,0.4,23.8,1.6,2.6,58.8,1.0,2.4,3.5,1.0,1.3,0.9,0.3,2.2,17.4,0.0,0.0,-0.3
Tari Eason,HOU,22,82,22,60,21.6,9.3,3.6,8.0,44.8,0.7,2.1,34.3,1.3,1.8,75.2,2.4,3.7,6.0,1.1,1.2,1.2,0.6,2.3,22.1,7.0,0.0,-1.9
Luke Kennard,MEM,27,59,37,22,22.3,9.3,3.2,6.5,49.2,2.3,4.6,49.4,0.6,0.7,94.9,0.3,2.4,2.7,1.5,0.8,0.5,0.1,1.4,15.9,0.0,0.0,3.6
Precious Achiuwa,TOR,23,55,30,25,20.7,9.2,3.6,7.3,48.5,0.5,2.0,26.9,1.6,2.3,70.2,1.8,4.1,6.0,0.9,1.1,0.6,0.5,1.9,20.0,10.0,0.0,-0.7
Seth Curry,BKN,32,61,37,24,19.8,9.2,3.4,7.4,46.3,1.5,3.8,40.5,0.8,0.9,92.7,0.2,1.4,1.6,1.6,0.8,0.6,0.1,1.6,14.9,0.0,0.0,-1.1
Walker Kessler,UTA,21,74,34,40,23.0,9.2,4.0,5.6,72.0,0.0,0.0,33.3,1.1,2.1,51.6,3.1,5.3,8.4,0.9,0.8,0.4,2.3,2.3,27.9,20.0,0.0,1.0
Deni Avdija,WAS,22,76,33,43,26.6,9.2,3.3,7.6,43.7,0.9,3.1,29.7,1.6,2.2,73.9,1.0,5.4,6.4,2.8,1.6,0.9,0.4,2.8,23.1,11.0,0.0,-0.7
Jalen Duren,DET,19,67,16,51,24.9,9.1,3.9,5.9,64.8,0.0,0.0,0.0,1.4,2.3,61.1,3.4,5.5,8.9,1.1,1.4,0.7,0.9,2.7,24.7,19.0,0.0,-4.2
Taurean Prince,MIN,29,54,31,23,22.1,9.1,3.3,7.0,46.7,1.4,3.6,38.1,1.2,1.4,84.4,0.3,2.2,2.4,1.6,1.3,0.5,0.3,2.3,15.5,0.0,0.0,0.0
Jae'Sean Tate,HOU,27,31,7,24,21.9,9.1,3.5,7.4,48.0,0.4,1.5,28.3,1.6,2.2,72.5,1.3,2.5,3.8,2.7,1.5,0.7,0.2,3.4,19.0,0.0,0.0,-3.0
Josh Green,DAL,22,60,27,33,25.7,9.1,3.4,6.4,53.7,1.1,2.8,40.2,1.1,1.6,72.3,0.9,2.1,3.0,1.7,1.2,0.7,0.1,2.6,16.5,1.0,0.0,1.3
Naji Marshall,NOP,25,77,40,37,23.3,9.1,3.2,7.4,43.3,0.9,2.8,30.3,1.8,2.3,78.9,0.6,3.0,3.6,2.5,1.3,0.7,0.2,1.5,18.5,0.0,0.0,0.1
Bol Bol,ORL,23,70,26,44,21.5,9.1,3.7,6.8,54.6,0.4,1.6,26.5,1.2,1.5,75.9,1.0,4.8,5.8,1.0,1.6,0.4,1.2,1.3,20.8,6.0,0.0,-2.1
Santi Aldama,MEM,22,77,47,30,21.8,9.0,3.2,6.8,47.0,1.2,3.5,35.3,1.4,1.9,75.0,1.1,3.7,4.8,1.3,0.8,0.6,0.6,1.9,19.6,4.0,0.0,1.2
Daniel Gafford,WAS,24,78,32,46,20.6,9.0,3.7,5.1,73.2,0.0,0.0,0.0,1.6,2.4,67.9,2.1,3.5,5.6,1.1,1.1,0.4,1.3,2.4,21.3,10.0,0.0,-1.1
Jose Alvarado,NOP,25,61,30,31,21.5,9.0,3.3,8.0,41.1,1.4,4.0,33.6,1.1,1.3,81.3,0.5,1.9,2.3,3.0,1.3,1.1,0.2,2.0,18.8,0.0,0.0,1.7
Mark Williams,CHA,21,43,18,25,19.3,9.0,3.7,5.8,63.7,0.0,0.0,0.0,1.6,2.3,69.1,2.2,4.9,7.1,0.4,0.9,0.7,1.0,2.2,22.3,11.0,0.0,-1.8
AJ Griffin,ATL,19,72,34,38,19.5,8.9,3.4,7.4,46.5,1.4,3.6,39.0,0.6,0.7,89.4,0.5,1.6,2.1,1.0,0.6,0.6,0.2,1.2,14.6,0.0,0.0,0.9
Royce O'Neale,BKN,30,76,42,34,31.7,8.8,3.0,7.8,38.6,2.1,5.5,38.9,0.7,0.9,72.5,0.7,4.3,5.1,3.7,1.5,0.9,0.6,3.1,23.5,4.0,1.0,1.0
Terance Mann,LAC,26,81,44,37,23.1,8.8,3.4,6.5,51.9,1.0,2.4,38.9,1.1,1.5,78.0,1.0,2.5,3.4,2.3,1.0,0.5,0.3,1.8,17.7,1.0,0.0,0.0
Shaquille Harrison,LAL,29,5,1,4,24.0,8.8,3.0,7.2,41.7,0.6,2.0,30.0,2.2,3.0,73.3,0.2,4.2,4.4,6.0,1.2,2.2,0.4,2.4,29.7,1.0,0.0,-0.2
Dennis Smith Jr.,CHA,25,54,19,35,25.7,8.8,3.4,8.4,41.2,0.4,2.1,21.6,1.4,2.0,73.6,0.5,2.6,3.1,4.8,1.5,1.4,0.5,2.3,23.8,1.0,0.0,-1.3
Jaden Hardy,DAL,20,48,20,28,14.8,8.8,3.0,6.9,43.8,1.3,3.3,40.4,1.4,1.6,82.3,0.2,1.6,1.9,1.4,1.0,0.4,0.1,1.3,13.5,0.0,0.0,-0.7
Jordan Nwora,IND,24,62,36,26,19.2,8.7,3.1,7.2,43.6,1.4,3.4,40.8,1.1,1.4,79.1,0.8,2.9,3.7,1.4,1.1,0.4,0.2,1.2,16.1,1.0,0.0,-4.1
Cedi Osman,CLE,28,77,48,29,20.1,8.7,3.1,6.9,45.1,1.5,4.1,37.2,1.0,1.4,69.4,0.3,2.0,2.3,1.5,0.7,0.5,0.1,1.6,14.8,1.0,0.0,3.0
T.J. McConnell,IND,31,75,31,44,20.4,8.7,3.8,6.9,54.3,0.3,0.8,44.1,0.8,0.9,85.3,0.6,2.5,3.1,5.3,1.9,1.1,0.1,1.4,22.1,6.0,1.0,-0.8
Landry Shamet,PHX,26,40,19,21,20.2,8.7,2.8,7.5,37.7,1.9,5.0,37.7,1.1,1.3,88.2,0.3,1.4,1.7,2.3,0.9,0.7,0.1,1.5,15.6,0.0,0.0,1.0
Steven Adams,MEM,29,42,28,14,27.0,8.6,3.7,6.3,59.7,0.0,0.0,0.0,1.1,3.1,36.4,5.1,6.5,11.5,2.3,1.9,0.9,1.1,2.3,29.9,15.0,0.0,5.8
Ayo Dosunmu,CHI,23,80,40,40,26.2,8.6,3.5,7.1,49.3,0.7,2.4,31.2,0.8,1.0,80.5,0.6,2.2,2.8,2.6,1.2,0.8,0.3,2.3,17.8,0.0,0.0,-1.0
Draymond Green,GSW,33,73,41,32,31.5,8.5,3.4,6.5,52.7,0.5,1.8,30.5,1.1,1.5,71.3,0.9,6.3,7.2,6.8,2.8,1.0,0.8,3.1,30.1,11.0,0.0,4.7
Shake Milton,PHI,26,76,52,24,20.6,8.4,3.2,6.6,47.9,0.7,1.9,37.8,1.3,1.5,85.3,0.5,2.0,2.5,3.2,1.2,0.3,0.2,1.6,16.4,3.0,0.0,1.9
Dorian Finney-Smith,BKN,30,66,31,35,30.4,8.3,3.0,7.6,39.1,1.7,5.1,33.7,0.7,0.9,76.3,1.7,3.1,4.8,1.5,0.9,0.8,0.5,2.2,19.6,2.0,0.0,-0.1
Terrence Ross,PHX,32,63,27,36,21.1,8.3,3.2,7.4,43.0,1.5,4.1,36.8,0.4,0.5,79.4,0.3,2.1,2.4,1.5,0.7,0.6,0.2,1.5,14.9,0.0,0.0,-1.2
Gary Harris,ORL,28,48,22,26,24.7,8.3,2.9,6.4,45.0,2.0,4.5,43.1,0.6,0.6,90.0,0.4,1.6,2.0,1.2,0.6,0.9,0.3,1.9,15.5,0.0,0.0,-1.8
Kevin Love,MIA,34,62,35,27,20.0,8.2,2.7,6.8,38.9,1.6,4.8,33.4,1.3,1.5,87.9,1.0,5.5,6.4,1.9,1.1,0.3,0.2,1.6,19.0,6.0,0.0,1.8
Nick Richards,CHA,25,65,21,44,18.7,8.2,3.0,4.8,62.9,0.0,0.0,100,2.1,2.8,74.9,2.3,4.1,6.4,0.6,0.9,0.2,1.1,2.4,19.6,14.0,0.0,-1.7
Georges Niang,PHI,30,78,51,27,19.4,8.2,2.8,6.4,44.2,2.0,4.9,40.1,0.5,0.6,86.7,0.2,2.1,2.4,1.0,0.7,0.4,0.2,1.9,13.5,0.0,0.0,1.0
Damion Lee,PHX,30,74,40,34,20.4,8.2,2.7,6.1,44.2,1.5,3.3,44.5,1.3,1.4,90.4,0.5,2.5,3.0,1.3,1.1,0.4,0.1,1.6,14.3,0.0,0.0,1.1
Aleksej Pokusevski,OKC,21,34,16,18,20.6,8.1,3.2,7.3,43.4,1.1,3.1,36.5,0.6,1.0,62.9,1.3,3.4,4.7,1.9,1.3,0.6,1.3,1.7,20.8,3.0,0.0,-5.8
Grant Williams,BOS,24,79,55,24,25.9,8.1,2.7,6.0,45.4,1.5,3.7,39.5,1.2,1.5,77.0,1.1,3.5,4.6,1.7,1.0,0.5,0.4,2.4,17.8,3.0,0.0,2.6
Jevon Carter,MIL,27,81,57,24,22.4,8.0,3.0,7.0,42.3,1.8,4.2,42.1,0.4,0.5,81.6,0.4,2.1,2.5,2.4,1.0,0.8,0.4,2.0,17.2,1.0,0.0,0.8
Kenrich Williams,OKC,28,53,26,27,22.8,8.0,3.4,6.5,51.7,0.9,2.5,37.3,0.3,0.7,43.6,1.8,3.1,4.9,2.0,0.6,0.8,0.3,2.1,19.6,2.0,0.0,1.4
Gabe York,IND,29,3,1,2,18.6,8.0,2.7,7.0,38.1,2.0,6.0,33.3,0.7,0.7,100,0.0,2.0,2.0,1.7,0.0,0.7,0.0,1.7,14.9,0.0,0.0,8.0
Kemba Walker,DAL,33,9,5,4,16.0,8.0,2.7,6.3,42.1,0.8,3.1,25.0,1.9,2.3,81.0,0.3,1.4,1.8,2.1,0.4,0.2,0.2,1.2,14.2,0.0,0.0,-0.1
Robert Williams III,BOS,25,35,24,11,23.5,8.0,3.6,4.9,74.7,0.0,0.0,0.0,0.7,1.2,61.0,3.0,5.4,8.3,1.4,1.0,0.6,1.4,1.9,25.2,6.0,0.0,4.9
Jarred Vanderbilt,LAL,24,78,43,35,24.1,7.9,3.2,5.8,54.8,0.4,1.2,32.2,1.2,1.8,69.1,2.2,5.3,7.5,2.4,1.2,1.1,0.3,2.4,23.2,10.0,0.0,-1.3
Ochai Agbaji,UTA,23,59,29,30,20.5,7.9,2.8,6.5,42.7,1.4,3.9,35.5,0.9,1.2,81.2,0.7,1.3,2.1,1.1,0.7,0.3,0.3,1.7,13.0,0.0,0.0,-0.3
Duane Washington Jr.,NYK,23,31,17,14,12.7,7.9,3.0,8.3,36.7,1.3,3.6,36.0,0.5,0.8,66.7,0.1,1.1,1.2,2.0,1.1,0.2,0.1,0.7,12.2,0.0,0.0,-0.2
Chris Duarte,IND,26,46,19,27,19.5,7.9,2.7,7.2,36.9,1.2,3.8,31.6,1.3,1.6,84.7,0.4,2.1,2.5,1.4,0.9,0.5,0.2,1.4,14.3,0.0,0.0,-2.5
Jeff Green,DEN,36,56,33,23,19.5,7.8,2.9,5.9,48.8,0.5,1.9,28.8,1.6,2.1,74.4,0.7,1.9,2.6,1.2,0.8,0.3,0.3,1.8,13.8,0.0,0.0,-3.4
Tre Mann,OKC,22,67,31,36,17.7,7.7,2.9,7.5,39.3,1.2,3.8,31.5,0.6,0.8,76.4,0.4,1.9,2.3,1.8,0.9,0.6,0.2,1.5,14.5,1.0,1.0,0.9
Pat Connaughton,MIL,30,61,43,18,23.7,7.6,2.7,6.9,39.2,1.8,5.3,33.9,0.4,0.7,65.9,0.8,3.8,4.6,1.3,0.5,0.6,0.2,1.1,16.9,2.0,0.0,2.2
Joe Harris,BKN,31,74,40,34,20.6,7.6,2.7,5.9,45.7,1.9,4.5,42.6,0.2,0.4,64.3,0.3,1.9,2.2,1.4,0.6,0.5,0.2,1.9,13.7,0.0,0.0,-0.3
Trey Lyles,SAC,27,74,43,31,16.9,7.6,2.5,5.5,45.8,1.2,3.2,36.3,1.4,1.7,81.5,0.9,3.1,4.1,0.9,0.9,0.4,0.4,1.3,15.3,1.0,0.0,1.4
T.J. Warren,PHX,29,42,26,16,16.4,7.5,3.1,6.4,48.9,0.5,1.6,32.8,0.7,0.8,80.0,0.6,2.3,2.9,1.0,0.5,0.5,0.3,1.5,14.3,0.0,0.0,1.3
Torrey Craig,PHX,32,79,44,35,24.7,7.4,2.9,6.3,45.6,1.3,3.2,39.5,0.4,0.6,71.1,1.8,3.6,5.4,1.5,0.9,0.6,0.8,2.3,19.5,4.0,0.0,-2.2
Obi Toppin,NYK,25,67,37,30,15.7,7.4,2.8,6.3,44.6,1.3,3.7,34.4,0.6,0.7,80.9,0.4,2.4,2.8,1.0,0.6,0.3,0.2,1.0,13.2,0.0,0.0,0.9
Trendon Watford,POR,22,62,26,36,19.1,7.4,2.9,5.2,56.0,0.4,1.0,39.1,1.2,1.6,72.0,0.7,3.2,3.8,2.1,1.1,0.5,0.2,1.9,16.1,3.0,0.0,-2.9
Devonte' Graham,SAS,28,73,31,42,18.3,7.4,2.2,5.9,37.4,1.6,4.6,35.2,1.3,1.8,74.8,0.3,1.4,1.7,2.7,0.7,0.6,0.2,1.1,15.2,0.0,0.0,-2.2
Delon Wright,WAS,31,50,26,24,24.4,7.4,2.8,5.8,47.4,0.8,2.4,34.5,1.0,1.2,86.7,1.2,2.4,3.6,3.9,0.9,1.8,0.3,1.2,23.2,0.0,0.0,1.4
Mitchell Robinson,NYK,25,59,35,24,26.9,7.4,3.2,4.7,67.1,0.0,0.0,0.0,1.0,2.1,48.4,4.5,4.9,9.4,0.9,0.7,0.9,1.8,2.7,27.7,13.0,0.0,3.1
Josh Okogie,PHX,24,72,38,34,18.8,7.3,2.3,5.8,39.1,0.9,2.7,33.5,1.9,2.7,72.4,1.5,2.0,3.5,1.5,0.9,0.8,0.5,1.6,16.6,2.0,0.0,1.5
Jay Huff,WAS,25,7,2,5,13.6,7.3,2.1,3.6,60.0,0.9,1.7,50.0,2.1,2.3,93.8,0.9,2.1,3.0,1.4,0.7,0.4,0.6,2.1,15.3,0.0,0.0,-1.0
Isaiah Jackson,IND,21,63,24,39,16.5,7.2,2.8,5.0,56.3,0.0,0.2,14.3,1.5,2.3,65.1,1.8,2.7,4.5,0.8,0.8,0.5,1.5,2.4,18.9,5.0,0.0,-2.0
Reggie Bullock,DAL,32,78,37,41,30.3,7.2,2.5,6.0,40.9,1.9,5.1,38.0,0.3,0.5,70.3,0.4,3.2,3.6,1.4,0.5,0.7,0.2,2.1,15.7,1.0,0.0,-1.1
Lindell Wigginton,MIL,25,7,4,3,12.4,7.1,2.6,5.3,48.6,0.9,2.6,33.3,1.1,1.3,88.9,0.0,1.0,1.0,2.0,1.7,0.0,0.3,1.0,10.5,1.0,0.0,-5.6
Edmond Sumner,BKN,27,53,33,20,13.9,7.1,2.3,5.1,46.1,0.6,1.6,35.6,1.9,2.0,91.7,0.2,1.2,1.5,1.3,0.9,0.6,0.2,1.6,12.2,0.0,0.0,0.5
Troy Brown Jr.,LAL,23,76,40,36,24.5,7.1,2.6,6.1,43.0,1.4,3.7,38.1,0.4,0.5,87.2,0.8,3.2,4.1,1.3,0.6,0.8,0.2,1.6,16.2,2.0,0.0,-0.2
Kendrick Nunn,WAS,27,70,30,40,13.8,7.1,2.7,6.4,42.4,1.1,3.2,35.4,0.5,0.6,85.4,0.2,1.3,1.6,1.3,0.9,0.4,0.1,0.9,11.4,0.0,0.0,-0.8
Kevon Looney,GSW,27,82,44,38,23.9,7.0,3.0,4.7,63.0,0.0,0.0,0.0,1.1,1.9,60.6,3.3,5.9,9.3,2.5,0.5,0.6,0.6,2.7,25.1,14.0,0.0,1.9
Xavier Tillman,MEM,24,61,40,21,19.3,7.0,3.1,5.0,61.4,0.1,0.2,26.7,0.8,1.5,55.1,2.0,3.0,5.0,1.6,0.7,1.0,0.5,1.6,19.0,4.0,0.0,0.0
Chance Comanche,POR,27,1,0,1,20.8,7.0,3.0,5.0,60.0,0.0,0.0,0.0,1.0,4.0,25.0,2.0,1.0,3.0,0.0,0.0,0.0,1.0,0.0,13.6,0.0,0.0,-29.0
Daniel Theis,IND,31,7,1,6,15.5,7.0,3.0,6.3,47.7,0.3,1.6,18.2,0.7,1.7,41.7,1.0,2.1,3.1,1.3,0.4,0.3,0.9,1.0,15.7,0.0,0.0,-2.7
Joshua Primo,SAS,20,4,3,1,23.3,7.0,2.3,6.5,34.6,0.8,3.0,25.0,1.8,2.3,77.8,0.5,2.8,3.3,4.5,2.8,0.3,0.5,2.0,17.2,0.0,0.0,-0.5
Eugene Omoruyi,DET,26,40,10,30,16.1,7.0,2.5,5.7,44.3,0.6,2.2,28.1,1.3,1.9,68.0,1.1,1.7,2.8,0.7,0.9,0.7,0.1,2.3,12.8,0.0,0.0,-1.0
Svi Mykhailiuk,CHA,26,32,16,16,14.6,6.9,2.4,5.4,44.5,1.3,3.1,42.4,0.8,1.2,66.7,0.5,1.2,1.7,1.7,0.8,0.5,0.1,0.7,12.4,0.0,0.0,0.6
Ben Simmons,BKN,26,42,24,18,26.3,6.9,3.2,5.6,56.6,0.0,0.0,0.0,0.6,1.4,43.9,1.0,5.3,6.3,6.1,2.3,1.3,0.6,3.3,26.8,4.0,1.0,1.0
Romeo Langford,SAS,23,43,14,29,19.6,6.9,2.8,6.0,46.7,0.4,1.4,26.2,0.9,1.3,69.6,1.3,1.3,2.7,1.2,0.7,0.6,0.3,1.6,13.7,0.0,0.0,-4.2
Willy Hernangomez,NOP,29,38,23,15,12.0,6.9,2.3,4.4,52.7,0.1,0.3,27.3,2.1,2.7,77.9,1.5,3.2,4.7,0.9,1.0,0.4,0.3,1.7,15.2,2.0,0.0,0.5
Joe Ingles,MIL,35,46,32,14,22.7,6.9,2.3,5.4,43.5,1.8,4.4,40.9,0.4,0.5,85.7,0.3,2.5,2.8,3.3,1.2,0.7,0.1,1.6,16.5,1.0,0.0,1.7
Jae Crowder,MIL,32,18,13,5,18.9,6.9,2.5,5.2,47.9,1.3,3.1,43.6,0.6,0.7,83.3,0.9,2.9,3.8,1.5,0.4,0.7,0.3,1.5,16.4,0.0,0.0,0.0
Cory Joseph,DET,31,62,12,50,19.8,6.9,2.4,5.7,42.7,1.1,2.9,38.9,0.9,1.2,79.2,0.3,1.4,1.7,3.5,0.9,0.5,0.1,1.4,15.4,0.0,0.0,-1.8
Ty Jerome,GSW,25,45,22,23,18.1,6.9,2.6,5.4,48.8,0.8,2.0,38.9,0.8,0.9,92.7,0.2,1.6,1.7,3.0,0.7,0.5,0.1,1.4,14.6,0.0,0.0,-2.0
Aaron Wiggins,OKC,24,70,37,33,18.5,6.8,2.7,5.2,51.2,0.7,1.7,39.3,0.8,1.0,83.1,1.0,2.0,3.0,1.1,0.8,0.6,0.2,1.6,13.7,1.0,0.0,0.1
Jeremiah Robinson-Earl,OKC,22,43,16,27,18.9,6.8,2.6,5.8,44.4,0.9,2.6,33.3,0.8,1.0,83.3,1.7,2.5,4.2,1.0,0.4,0.6,0.3,1.7,15.3,1.0,0.0,-0.2
Larry Nance Jr.,NOP,30,65,34,31,21.2,6.8,2.9,4.7,61.0,0.2,0.6,33.3,0.8,1.2,69.6,1.6,3.8,5.4,1.8,0.6,0.9,0.6,2.0,19.7,3.0,0.0,2.8
Will Barton,TOR,32,56,27,29,17.7,6.8,2.5,6.5,37.9,1.2,3.2,36.7,0.7,0.8,78.7,0.3,2.2,2.4,2.0,0.9,0.5,0.2,1.0,14.0,0.0,0.0,-3.0
Justise Winslow,POR,27,29,15,14,26.8,6.8,2.8,6.8,40.9,0.5,1.6,31.1,0.7,1.0,71.4,1.7,3.3,5.0,3.4,1.5,1.0,0.4,3.1,20.6,1.0,0.0,-1.3
Terence Davis,SAC,26,64,38,26,13.1,6.7,2.4,5.7,42.3,1.4,3.8,36.6,0.5,0.7,79.1,0.3,1.9,2.2,1.0,0.8,0.7,0.2,1.6,12.7,0.0,0.0,0.7
Theo Maledon,CHA,22,44,14,30,19.4,6.7,2.3,5.8,40.2,0.6,2.2,29.5,1.4,1.7,85.1,0.3,2.5,2.8,3.5,1.3,0.8,0.3,1.4,17.2,1.0,0.0,-3.3
Anthony Lamb,GSW,25,62,36,26,19.3,6.7,2.4,5.1,47.1,1.2,3.2,36.7,0.7,1.0,76.7,0.9,2.6,3.5,1.5,0.9,0.5,0.3,2.2,14.6,0.0,0.0,0.5
Dwight Powell,DAL,31,76,37,39,19.2,6.7,2.6,3.5,73.2,0.0,0.1,0.0,1.5,2.2,66.7,2.0,2.2,4.1,0.9,0.9,0.6,0.3,2.8,15.0,1.0,0.0,2.2
David Roddy,MEM,22,70,44,26,18.0,6.7,2.6,6.0,42.9,0.9,3.0,30.7,0.6,0.9,63.1,0.7,2.0,2.8,0.8,0.8,0.4,0.3,1.5,12.5,0.0,0.0,-0.9
Isaiah Livers,DET,24,52,10,42,23.1,6.7,2.3,5.5,41.7,1.4,3.9,36.5,0.6,0.8,82.1,0.5,2.2,2.8,0.8,0.6,0.5,0.5,2.0,13.8,1.0,0.0,-3.9
Nassir Little,POR,23,54,22,32,18.1,6.6,2.5,5.6,44.2,1.1,2.9,36.7,0.6,0.9,71.7,0.5,2.1,2.6,0.9,0.7,0.4,0.4,1.2,12.7,0.0,0.0,-3.5
Drew Eubanks,POR,26,78,31,47,20.3,6.6,2.7,4.3,64.1,0.1,0.2,38.9,1.1,1.6,66.4,1.7,3.7,5.4,1.3,0.9,0.5,1.3,2.2,19.7,3.0,0.0,-1.7
Jock Landale,PHX,27,69,35,34,14.2,6.6,2.6,4.9,52.8,0.3,1.2,25.0,1.1,1.5,75.2,1.7,2.3,4.1,1.0,0.9,0.2,0.4,1.8,14.1,3.0,0.0,2.0
Mo Bamba,LAL,25,49,25,24,15.7,6.6,2.4,4.9,48.5,1.0,2.5,38.7,0.8,1.3,66.1,1.2,3.4,4.6,0.9,0.6,0.3,0.9,2.1,16.3,2.0,0.0,0.2
Kevin Knox II,POR,23,63,12,51,15.1,6.6,2.4,5.3,45.8,1.0,3.0,34.9,0.7,1.0,76.7,0.5,2.3,2.8,0.5,0.8,0.4,0.2,1.5,11.7,2.0,0.0,-3.6
Jordan Goodwin,WAS,24,62,22,40,17.8,6.6,2.5,5.7,44.8,0.6,1.9,32.2,0.9,1.1,76.8,0.9,2.4,3.3,2.7,0.9,0.9,0.4,1.5,17.7,0.0,0.0,-1.9
Cody Zeller,MIA,30,15,6,9,14.4,6.5,2.5,3.9,62.7,0.0,0.1,0.0,1.6,2.3,68.6,1.7,2.6,4.3,0.7,0.9,0.2,0.3,2.2,13.1,0.0,0.0,-3.2
Brandon Boston Jr.,LAC,21,22,9,13,11.3,6.5,2.3,5.5,41.8,0.5,1.3,41.4,1.3,1.7,76.3,0.3,1.0,1.4,0.9,0.5,0.4,0.0,1.0,10.2,0.0,0.0,-2.0
Jay Scrubb,ORL,22,2,1,1,15.1,6.5,2.5,3.5,71.4,1.0,1.0,100,0.5,1.0,50.0,0.0,3.0,3.0,0.5,1.5,1.0,0.0,1.0,12.4,0.0,0.0,-8.0
Luka Garza,MIN,24,28,15,13,8.7,6.5,2.3,4.1,54.3,0.5,1.4,35.9,1.5,1.9,78.8,1.2,1.1,2.3,0.6,0.5,0.1,0.1,1.5,10.2,0.0,0.0,0.6
Isaac Okoro,CLE,22,76,48,28,21.7,6.4,2.3,4.7,49.4,0.8,2.3,36.3,1.0,1.4,75.7,0.7,1.8,2.5,1.1,0.6,0.7,0.4,2.1,14.0,0.0,0.0,1.7
R.J. Hampton,DET,22,47,9,38,15.9,6.4,2.2,5.0,43.0,0.9,2.5,35.3,1.2,1.6,75.0,0.4,1.5,1.9,1.1,0.9,0.6,0.2,1.1,11.8,0.0,0.0,-3.0
JaMychal Green,GSW,33,57,30,27,14.0,6.4,2.4,4.4,54.0,0.7,1.9,37.8,0.9,1.2,77.6,1.3,2.3,3.6,0.9,0.9,0.4,0.4,1.8,13.7,0.0,0.0,-2.7
Sam Hauser,BOS,25,80,55,25,16.1,6.4,2.3,5.0,45.5,1.8,4.2,41.8,0.2,0.2,70.6,0.4,2.1,2.6,0.9,0.4,0.4,0.3,1.2,12.3,0.0,0.0,2.7
Duncan Robinson,MIA,29,42,19,23,16.4,6.4,2.1,5.6,37.1,1.5,4.6,32.8,0.7,0.8,90.6,0.2,1.5,1.6,1.1,0.7,0.3,0.0,1.8,10.3,0.0,0.0,-1.3
Dario Saric,OKC,29,57,26,31,14.1,6.4,2.2,4.9,45.8,0.8,2.0,39.1,1.1,1.3,82.9,0.9,2.7,3.6,1.3,1.0,0.4,0.1,1.7,13.1,2.0,0.0,0.6
Simone Fontecchio,UTA,27,52,25,27,14.7,6.3,2.2,6.0,36.9,1.2,3.7,33.0,0.7,0.8,79.5,0.6,1.1,1.7,0.8,0.8,0.3,0.2,1.2,10.1,0.0,0.0,-3.9
Goran Dragic,MIL,37,58,27,31,15.0,6.3,2.4,5.8,42.1,0.9,2.5,35.9,0.5,0.8,68.9,0.3,1.1,1.4,2.6,1.1,0.2,0.1,1.1,11.7,0.0,0.0,0.1
Quenton Jackson,WAS,24,9,3,6,15.0,6.2,2.1,4.7,45.2,0.1,1.3,8.3,1.9,2.4,77.3,0.2,0.7,0.9,1.7,0.4,0.4,0.1,1.1,11.0,0.0,0.0,-1.9
Patrick Beverley,CHI,34,67,34,33,27.1,6.2,2.1,5.4,40.0,1.2,3.6,33.5,0.7,1.0,72.3,0.7,3.0,3.7,2.9,0.9,0.9,0.6,2.8,18.7,2.0,0.0,-1.2
Jared Butler,OKC,22,6,3,3,12.8,6.2,2.5,5.3,46.9,1.2,2.3,50.0,0.0,0.0,0.0,0.2,0.5,0.7,1.3,0.8,0.8,0.0,0.8,10.6,0.0,0.0,-0.2
Nickeil Alexander-Walker,MIN,24,59,29,30,15.0,6.2,2.2,5.0,44.4,1.0,2.7,38.4,0.7,1.0,66.7,0.3,1.5,1.7,1.8,0.9,0.5,0.4,1.5,12.7,0.0,0.0,-0.9
Patty Mills,BKN,34,40,18,22,14.2,6.2,2.2,5.2,41.1,1.2,3.4,36.6,0.6,0.8,83.3,0.2,0.9,1.1,1.4,0.8,0.4,0.1,0.8,10.2,0.0,0.0,-1.7
Nicolas Batum,LAC,34,78,44,34,21.9,6.1,2.1,4.9,42.0,1.6,4.1,39.1,0.4,0.6,70.8,0.8,3.0,3.8,1.6,0.6,0.7,0.6,1.9,16.2,0.0,0.0,2.1
Oshae Brissett,IND,25,65,27,38,16.7,6.1,1.9,4.9,38.6,0.7,2.4,31.0,1.6,2.2,71.7,1.0,2.4,3.4,0.7,0.5,0.5,0.2,1.2,12.8,1.0,0.0,0.3
Sandro Mamukelashvili,SAS,24,43,23,20,15.3,6.1,2.3,5.3,42.2,0.7,2.3,30.3,0.9,1.3,68.4,1.6,2.7,4.3,1.4,0.8,0.3,0.3,1.2,14.4,2.0,0.0,-2.7
Evan Fournier,NYK,30,27,15,12,17.0,6.1,2.1,6.1,33.7,1.3,4.2,30.7,0.7,0.8,85.7,0.1,1.7,1.8,1.3,0.8,0.6,0.1,1.7,11.6,0.0,0.0,-2.0
Mike Muscala,BOS,31,63,32,31,15.0,6.1,2.1,4.6,44.9,1.3,3.3,39.1,0.6,0.8,76.9,0.6,2.6,3.2,0.8,0.4,0.2,0.4,1.6,12.6,0.0,0.0,3.2
Saben Lee,PHX,24,25,15,10,14.9,6.0,2.0,4.8,40.5,0.4,1.2,36.7,1.7,2.3,73.7,0.5,1.3,1.8,2.7,1.0,0.8,0.0,1.3,13.7,1.0,0.0,-1.2
Robert Covington,LAC,32,48,20,28,16.2,6.0,2.1,4.8,44.5,1.1,2.8,39.7,0.6,0.8,75.0,0.6,2.8,3.5,1.2,0.7,0.8,0.7,1.8,15.7,0.0,0.0,-0.1
Andre Drummond,CHI,29,67,32,35,12.7,6.0,2.5,4.1,60.6,0.0,0.0,0.0,1.0,1.9,53.6,2.1,4.6,6.6,0.5,1.1,0.7,0.4,1.7,16.8,8.0,0.0,0.4
Maxi Kleber,DAL,31,37,18,19,25.1,5.9,2.1,4.6,45.6,1.1,3.0,34.8,0.7,1.0,71.1,0.8,2.8,3.6,1.4,0.7,0.3,0.8,2.3,15.1,0.0,0.0,-1.2
Jaylin Williams,OKC,21,49,23,26,18.7,5.9,2.1,4.8,43.6,0.9,2.3,40.7,0.8,1.1,70.4,0.9,4.0,4.9,1.6,0.8,0.6,0.2,2.3,15.8,0.0,0.0,-1.8
Johnny Davis,WAS,21,28,10,18,15.1,5.8,2.4,6.1,38.6,0.6,2.5,24.3,0.5,1.0,51.9,0.4,2.0,2.3,1.0,0.6,0.4,0.3,1.7,11.4,0.0,0.0,-1.9
Josh Christopher,HOU,21,64,16,48,12.3,5.8,2.4,5.1,46.5,0.3,1.4,23.6,0.7,0.9,75.0,0.3,0.8,1.1,1.1,0.9,0.5,0.2,0.9,10.2,0.0,0.0,-3.5
Stanley Johnson,SAS,27,30,5,25,15.6,5.8,2.2,4.1,53.3,0.6,1.3,45.0,0.9,1.3,66.7,0.7,2.4,3.2,2.2,1.1,0.5,0.2,1.6,14.1,0.0,0.0,-3.1
Rodney McGruder,DET,31,32,4,28,16.4,5.7,1.9,4.8,40.8,1.3,3.0,42.3,0.6,0.7,81.8,0.6,1.7,2.3,0.9,0.3,0.5,0.0,1.2,11.1,0.0,0.0,-1.4
Charles Bassey,SAS,22,35,9,26,14.5,5.7,2.5,3.9,64.4,0.1,0.2,37.5,0.6,1.1,59.5,2.1,3.4,5.5,1.4,1.2,0.5,0.9,2.1,17.4,0.0,0.0,-0.9
Ziaire Williams,MEM,21,37,21,16,15.2,5.7,2.3,5.3,42.9,0.7,2.6,25.8,0.5,0.6,77.3,0.4,1.7,2.1,0.9,1.0,0.4,0.2,1.6,10.3,0.0,0.0,-2.1
Jalen Johnson,ATL,21,70,35,35,14.9,5.6,2.3,4.6,49.1,0.4,1.5,28.8,0.7,1.1,62.8,0.7,3.3,4.0,1.2,0.6,0.5,0.5,1.6,14.8,1.0,0.0,-0.1
Derrick Rose,NYK,34,27,12,15,12.5,5.6,2.3,5.9,38.4,0.7,2.3,30.2,0.4,0.4,91.7,0.3,1.2,1.5,1.7,0.8,0.3,0.2,0.7,10.5,0.0,0.0,-1.1
Davion Mitchell,SAC,24,80,47,33,18.1,5.6,2.3,5.0,45.4,0.8,2.5,32.0,0.3,0.4,80.6,0.2,1.1,1.3,2.3,0.8,0.6,0.2,1.4,12.1,0.0,0.0,0.0
Payton Pritchard,BOS,25,48,32,16,13.4,5.6,2.1,5.1,41.2,1.2,3.2,36.4,0.3,0.3,75.0,0.5,1.3,1.8,1.3,0.8,0.3,0.0,0.8,9.9,1.0,1.0,0.3
James Bouknight,CHA,22,34,9,25,15.2,5.6,2.0,5.7,35.8,1.0,3.2,30.3,0.6,0.9,66.7,0.2,1.9,2.1,1.2,0.9,0.4,0.1,1.4,10.7,0.0,0.0,-2.9
Montrezl Harrell,PHI,29,57,35,22,11.9,5.6,2.2,3.7,59.8,0.0,0.1,0.0,1.2,1.8,69.3,1.2,1.6,2.8,0.6,0.6,0.3,0.4,1.3,11.4,1.0,0.0,0.3
Alex Caruso,CHI,29,67,33,34,23.5,5.6,1.9,4.3,45.5,0.8,2.3,36.4,0.9,1.1,80.8,0.6,2.3,2.9,2.9,1.1,1.5,0.7,2.4,18.7,1.0,0.0,3.0
Yuta Watanabe,BKN,28,58,30,28,16.0,5.6,2.0,4.0,49.1,1.0,2.3,44.4,0.6,0.8,72.3,0.5,1.9,2.4,0.8,0.4,0.4,0.3,1.4,11.5,0.0,0.0,-0.1
Danny Green,CLE,36,11,6,5,12.6,5.5,2.0,4.5,44.9,1.5,3.4,43.2,0.1,0.1,100,0.3,1.0,1.3,0.5,0.9,0.5,0.3,1.5,9.4,0.0,0.0,-1.5
Jarrell Brantley,UTA,27,4,0,4,9.7,5.5,2.0,3.5,57.1,1.0,2.3,44.4,0.5,0.5,100,0.3,1.3,1.5,0.8,0.5,0.0,0.5,0.8,9.4,0.0,0.0,3.8
Otto Porter Jr.,TOR,30,8,4,4,18.3,5.5,1.9,3.8,50.0,0.8,2.1,35.3,1.0,1.0,100,0.8,1.6,2.4,1.0,0.5,1.4,0.0,0.9,13.5,0.0,0.0,-2.6
Wenyen Gabriel,LAL,26,68,37,31,15.1,5.5,2.3,3.8,59.6,0.1,0.5,27.8,0.8,1.2,61.9,1.7,2.5,4.2,0.5,0.7,0.4,0.5,2.1,13.3,0.0,0.0,-0.5
Nikola Jovic,MIA,20,15,7,8,13.6,5.5,1.9,4.6,40.6,0.5,2.3,22.9,1.2,1.3,94.7,0.6,1.5,2.1,0.7,0.7,0.5,0.1,1.3,10.1,0.0,0.0,-1.1
Jamal Cain,MIA,24,18,10,8,13.3,5.4,2.1,3.7,56.1,0.4,1.1,35.0,0.9,1.2,77.3,0.8,2.1,2.9,0.7,0.3,0.6,0.1,1.2,11.6,0.0,0.0,1.2
Bryce McGowens,CHA,20,46,16,30,17.1,5.3,1.7,4.4,39.6,0.6,1.7,32.5,1.3,1.7,75.0,0.4,1.6,2.0,1.2,0.9,0.3,0.1,1.0,10.0,0.0,0.0,-3.3
Lamar Stevens,CLE,25,62,39,23,18.1,5.3,2.1,4.6,44.8,0.5,1.5,31.6,0.6,0.9,70.2,0.8,2.6,3.3,0.5,0.4,0.4,0.3,1.3,11.9,1.0,0.0,0.1
Dewayne Dedmon,PHI,33,38,23,15,11.2,5.2,2.0,4.0,51.0,0.3,1.0,30.8,0.9,1.3,67.3,0.9,2.6,3.5,0.7,0.7,0.2,0.5,2.0,12.0,0.0,0.0,-3.3
Rudy Gay,UTA,36,56,29,27,14.6,5.2,1.9,5.1,37.8,0.6,2.3,25.2,0.8,0.9,85.7,0.6,2.3,2.9,1.0,0.7,0.3,0.3,1.2,11.6,0.0,0.0,1.0
Zeke Nnaji,DEN,22,53,34,19,13.7,5.2,2.1,3.7,56.1,0.3,1.2,26.2,0.8,1.2,64.5,1.2,1.4,2.6,0.3,0.6,0.3,0.4,2.0,10.5,1.0,0.0,-1.8
Lindy Waters III,OKC,25,41,20,21,12.9,5.2,1.7,4.3,39.3,1.4,4.0,35.8,0.4,0.5,80.0,0.4,1.4,1.8,0.7,0.2,0.3,0.3,1.0,10.0,0.0,0.0,3.3
Darius Bazley,PHX,23,43,19,24,14.3,5.2,1.9,4.3,45.4,0.5,1.2,37.7,0.9,1.6,54.3,0.8,2.4,3.2,0.9,0.6,0.5,0.8,1.0,13.7,0.0,0.0,-1.6
Ricky Rubio,CLE,32,33,23,10,17.2,5.2,1.8,5.4,34.3,0.6,2.5,25.6,0.8,1.1,80.0,0.3,1.8,2.1,3.5,0.9,0.8,0.2,1.5,14.9,0.0,0.0,1.4
Javonte Green,CHI,29,32,13,19,15.0,5.2,1.9,3.4,56.5,0.4,1.1,37.1,0.9,1.4,66.7,0.8,1.9,2.8,0.7,0.6,0.8,0.7,1.6,13.1,0.0,0.0,1.5
MarJon Beauchamp,MIL,22,52,34,18,13.5,5.1,1.8,4.7,39.5,0.9,2.7,33.1,0.5,0.7,73.0,0.7,1.5,2.2,0.7,0.9,0.4,0.1,1.3,9.5,0.0,0.0,-1.9
DeAndre Jordan,DEN,34,39,23,16,15.0,5.1,2.3,2.9,76.5,0.0,0.0,100,0.6,1.2,45.8,1.3,3.8,5.2,0.9,1.2,0.3,0.6,1.8,14.1,2.0,0.0,-3.1
John Konchar,MEM,27,72,45,27,20.7,5.1,1.9,4.4,43.1,0.8,2.5,33.9,0.4,0.5,77.8,0.9,3.4,4.3,1.4,0.5,1.1,0.3,1.6,16.0,2.0,0.0,2.9
George Hill,IND,37,46,27,19,18.1,5.0,1.7,3.6,47.0,0.7,2.1,35.8,0.9,1.2,76.4,0.3,1.5,1.8,2.4,0.7,0.6,0.1,1.2,12.2,0.0,0.0,0.9
Cody Martin,CHA,27,7,2,5,19.1,5.0,2.0,5.1,38.9,0.4,2.0,21.4,0.6,1.0,57.1,1.1,2.3,3.4,1.6,0.3,0.6,0.1,1.9,13.3,0.0,0.0,-3.7
Jonathan Isaac,ORL,25,11,8,3,11.3,5.0,2.0,4.8,41.5,0.5,1.4,40.0,0.5,0.8,55.6,1.4,2.6,4.0,0.5,0.4,1.3,0.4,0.5,15.2,0.0,0.0,-1.7
Kenneth Lofton Jr.,MEM,20,24,15,9,7.3,5.0,2.0,3.9,52.7,0.3,0.7,35.3,0.7,1.1,59.3,0.8,1.3,2.1,0.8,0.5,0.2,0.1,1.2,9.2,1.0,0.0,-2.0
Sam Merrill,CLE,27,5,4,1,11.7,5.0,1.8,4.4,40.9,1.0,3.6,27.8,0.4,0.4,100,0.0,1.8,1.8,1.0,0.0,0.8,0.0,0.6,11.1,0.0,0.0,-1.0
Derrick Jones Jr.,CHI,26,64,29,35,14.0,5.0,1.8,3.6,50.0,0.4,1.3,33.8,1.0,1.3,73.8,0.9,1.5,2.4,0.5,0.4,0.5,0.6,1.3,11.4,0.0,0.0,1.9
Blake Wesley,SAS,20,37,9,28,18.1,5.0,1.9,5.8,32.1,0.5,1.4,38.5,0.7,1.2,59.1,0.3,1.9,2.2,2.6,1.8,0.7,0.1,1.8,12.3,0.0,0.0,-5.4
Jaxson Hayes,NOP,23,47,22,25,13.0,5.0,1.8,3.3,55.1,0.1,0.6,10.3,1.2,1.8,69.9,0.8,2.0,2.8,0.7,0.7,0.4,0.4,1.4,11.2,0.0,0.0,-1.5
Isaiah Hartenstein,NYK,25,82,47,35,19.9,5.0,2.1,4.0,53.5,0.1,0.5,21.6,0.6,0.9,67.6,2.5,4.0,6.5,1.2,0.8,0.6,0.8,2.6,18.1,2.0,0.0,1.8
Vlatko Cancar,DEN,26,60,38,22,14.8,5.0,1.8,3.8,47.6,0.7,1.9,37.4,0.6,0.7,92.7,0.4,1.7,2.1,1.3,0.6,0.4,0.2,1.4,10.7,1.0,0.0,-1.1
Ousmane Dieng,OKC,20,39,20,19,14.6,4.9,1.9,4.6,42.0,0.7,2.5,26.5,0.4,0.6,65.2,0.5,2.2,2.7,1.2,0.7,0.4,0.2,1.1,10.9,0.0,0.0,1.0
Austin Rivers,MIN,30,52,25,27,19.5,4.9,1.8,4.0,43.5,0.8,2.4,35.0,0.6,0.8,76.9,0.1,1.5,1.6,1.4,0.4,0.5,0.1,1.5,10.4,0.0,0.0,-2.7
Chimezie Metu,SAC,26,66,41,25,10.4,4.9,2.0,3.3,58.9,0.1,0.6,23.7,0.8,1.1,74.0,0.7,2.3,3.0,0.6,0.5,0.3,0.3,1.2,10.8,0.0,0.0,1.3
Johnny Juzang,UTA,22,18,6,12,12.9,4.8,1.9,5.8,33.7,0.8,3.5,23.8,0.1,0.2,50.0,0.4,1.7,2.2,0.4,0.2,0.2,0.2,0.7,9.1,0.0,0.0,-4.8
Moses Moody,GSW,21,63,37,26,13.0,4.8,1.7,3.6,47.6,0.8,2.1,36.3,0.6,0.8,69.8,0.4,1.2,1.7,0.8,0.5,0.3,0.1,0.9,8.7,0.0,0.0,-0.1
Danuel House Jr.,PHI,30,56,38,18,14.4,4.8,1.7,3.5,47.2,0.7,2.0,33.6,0.8,1.1,75.0,0.2,1.5,1.7,0.8,0.5,0.3,0.2,1.2,8.7,0.0,0.0,-0.3
Meyers Leonard,MIL,31,9,6,3,12.6,4.8,1.6,3.2,48.3,0.8,2.0,38.9,0.9,1.0,88.9,1.3,2.4,3.8,0.1,0.7,0.2,0.0,1.8,9.5,1.0,0.0,-3.0
Garrison Mathews,ATL,26,54,16,38,12.7,4.8,1.4,3.7,36.3,1.2,3.3,35.0,0.9,1.0,90.6,0.2,1.1,1.4,0.5,0.4,0.4,0.1,1.1,8.4,0.0,0.0,-1.6
Chuma Okeke,ORL,24,27,8,19,19.2,4.7,1.6,4.5,35.2,1.0,3.2,30.2,0.6,0.8,76.2,1.0,2.6,3.6,1.4,0.6,0.7,0.4,1.5,13.8,0.0,0.0,-4.4
Christian Braun,DEN,22,76,49,27,15.5,4.7,1.9,3.8,49.5,0.4,1.3,35.4,0.5,0.8,62.5,0.6,1.8,2.4,0.8,0.5,0.5,0.2,1.3,10.6,0.0,0.0,-1.5
Day'Ron Sharpe,BKN,21,48,22,26,11.5,4.7,1.9,3.6,54.4,0.1,0.2,54.5,0.7,1.1,63.6,2.1,2.1,4.2,0.8,0.9,0.3,0.7,1.9,12.9,2.0,0.0,-2.1
Keon Johnson,POR,21,40,13,27,10.4,4.7,1.7,4.5,37.6,0.7,2.0,34.6,0.7,1.0,65.9,0.3,0.8,1.1,1.5,1.1,0.5,0.2,1.1,9.1,0.0,0.0,-3.8
Dean Wade,CLE,26,44,30,14,20.3,4.7,1.7,4.0,41.2,1.0,2.9,35.4,0.3,0.5,65.2,0.5,3.0,3.4,0.8,0.4,0.6,0.5,2.0,13.0,0.0,0.0,2.5
TyTy Washington Jr.,HOU,21,31,6,25,14.0,4.7,1.9,5.2,36.3,0.6,2.6,23.8,0.3,0.6,55.6,0.1,1.4,1.5,1.5,0.5,0.5,0.1,0.9,9.9,0.0,0.0,-1.5
Malachi Flynn,TOR,25,53,29,24,13.0,4.6,1.6,4.6,36.0,0.9,2.5,35.3,0.5,0.6,75.8,0.3,1.2,1.4,1.3,0.5,0.4,0.1,1.2,9.3,0.0,0.0,-0.8
Gary Payton II,GSW,30,22,13,9,16.7,4.6,1.9,3.1,59.4,0.6,1.2,50.0,0.3,0.3,85.7,1.1,2.0,3.1,1.4,0.7,1.0,0.2,2.0,13.4,0.0,0.0,1.8
Dalano Banton,TOR,23,31,17,14,9.0,4.6,1.8,4.2,42.3,0.5,1.6,29.4,0.5,0.8,70.8,0.4,1.1,1.5,1.2,0.6,0.4,0.4,1.1,10.0,0.0,0.0,-1.1
Davis Bertans,DAL,30,45,20,25,10.9,4.6,1.5,3.6,43.1,1.2,3.1,39.0,0.3,0.3,86.7,0.2,1.0,1.2,0.5,0.2,0.2,0.2,1.2,7.7,0.0,0.0,-0.8
Kira Lewis Jr.,NOP,22,25,11,14,9.4,4.6,1.6,3.5,45.5,0.6,1.4,44.1,0.8,0.9,86.4,0.2,1.1,1.3,0.9,0.4,0.4,0.1,1.0,8.6,0.0,0.0,2.5
Justin Holiday,DAL,34,46,18,28,15.4,4.5,1.7,4.4,37.7,1.0,3.1,32.2,0.1,0.2,62.5,0.1,1.1,1.2,0.9,0.5,0.4,0.4,1.5,9.2,0.0,0.0,-2.8
Omer Yurtseven,MIA,25,9,5,4,9.2,4.4,1.8,3.0,59.3,0.3,0.8,42.9,0.6,0.7,83.3,0.9,1.7,2.6,0.2,0.4,0.2,0.2,1.8,8.7,0.0,0.0,1.1
Thaddeus Young,TOR,35,54,23,31,14.7,4.4,2.0,3.7,54.5,0.1,0.6,17.6,0.3,0.5,69.2,1.3,1.8,3.1,1.4,0.8,1.0,0.1,1.6,12.7,0.0,0.0,-1.7
JaVale McGee,DAL,35,42,20,22,8.4,4.4,1.9,3.0,64.0,0.0,0.1,40.0,0.6,1.0,58.5,0.7,1.8,2.5,0.3,0.9,0.1,0.6,1.3,9.2,0.0,0.0,-1.4
AJ Green,MIL,23,35,27,8,9.9,4.4,1.5,3.6,42.4,1.3,3.0,41.9,0.1,0.1,100,0.2,1.1,1.3,0.6,0.3,0.2,0.0,0.9,7.1,0.0,0.0,-0.7
Jarrett Culver,ATL,24,10,5,5,13.7,4.4,1.7,4.3,39.5,0.1,1.2,8.3,0.9,1.3,69.2,1.0,2.8,3.8,0.6,0.7,0.6,0.2,1.4,11.6,0.0,0.0,-1.9
Goga Bitadze,ORL,23,38,13,25,12.0,4.4,1.8,3.3,55.2,0.2,0.7,23.1,0.6,1.1,54.8,1.6,2.0,3.6,1.0,0.6,0.4,0.7,1.7,13.0,2.0,0.0,0.7
Haywood Highsmith,MIA,26,54,28,26,18.0,4.4,1.7,4.0,43.1,0.7,2.0,33.9,0.2,0.5,46.4,1.1,2.4,3.5,0.8,0.8,0.7,0.3,1.5,11.9,2.0,0.0,-1.9
Bismack Biyombo,PHX,30,61,33,28,14.3,4.3,2.0,3.4,57.8,0.0,0.0,0.0,0.4,1.1,35.7,1.5,2.8,4.3,0.9,0.8,0.3,1.4,1.9,15.2,3.0,0.0,0.8
Moses Brown,BKN,23,36,17,19,8.2,4.3,1.7,2.7,63.5,0.0,0.0,0.0,0.9,2.0,45.8,1.6,2.3,3.9,0.1,0.4,0.1,0.4,1.1,10.2,3.0,0.0,0.8
Justin Minaya,POR,24,4,0,4,22.2,4.3,1.8,5.8,30.4,0.8,3.0,25.0,0.0,0.3,0.0,0.8,3.0,3.8,1.0,1.0,0.5,1.3,2.3,14.5,0.0,0.0,-5.0
Michael Carter-Williams,ORL,31,4,1,3,11.1,4.3,1.5,3.5,42.9,0.3,0.8,33.3,1.0,1.8,57.1,0.3,1.0,1.3,1.8,1.0,0.3,0.3,1.3,8.9,0.0,0.0,-6.5
Xavier Sneed,CHA,25,4,0,4,12.1,4.3,1.3,2.5,50.0,0.8,1.5,50.0,1.0,1.0,100,0.0,1.3,1.3,1.3,0.8,0.0,0.3,1.8,7.6,0.0,0.0,-7.0
McKinley Wright IV,DAL,24,27,14,13,12.4,4.2,1.7,3.6,46.9,0.3,1.0,32.1,0.5,0.7,68.4,0.3,1.4,1.7,2.1,0.7,0.3,0.2,0.9,10.3,0.0,0.0,-4.1
Admiral Schofield,ORL,26,37,14,23,12.2,4.2,1.5,3.3,45.1,0.6,2.0,32.4,0.6,0.6,91.3,0.6,1.1,1.7,0.8,0.4,0.2,0.1,1.6,8.1,0.0,0.0,-2.1
Ish Wainright,PHX,28,60,33,27,15.3,4.2,1.4,3.8,37.0,1.0,2.9,32.9,0.4,0.5,83.9,0.8,1.6,2.3,0.9,0.4,0.6,0.4,2.0,10.9,0.0,0.0,1.5
Paul Reed,PHI,24,69,44,25,10.9,4.2,1.8,3.0,59.3,0.0,0.1,16.7,0.6,0.7,74.5,1.6,2.2,3.8,0.4,0.7,0.7,0.7,1.8,12.8,5.0,0.0,-0.2
Kevon Harris,ORL,26,34,12,22,13.4,4.1,1.4,3.1,43.9,0.5,1.3,37.2,0.9,1.2,75.6,0.8,1.2,2.1,0.5,0.6,0.5,0.1,1.6,8.6,0.0,0.0,0.0
Blake Griffin,BOS,34,41,27,14,13.9,4.1,1.5,3.2,48.5,0.6,1.6,34.8,0.5,0.8,65.6,1.1,2.6,3.8,1.5,0.5,0.3,0.2,1.8,12.1,0.0,0.0,2.6
Matisse Thybulle,POR,26,71,38,33,16.9,4.1,1.5,3.6,43.5,0.8,2.1,36.5,0.3,0.4,67.9,0.6,1.4,2.0,0.7,0.3,1.2,0.5,1.6,12.1,0.0,0.0,-0.2
Serge Ibaka,MIL,33,16,11,5,11.6,4.1,1.6,3.4,48.1,0.4,1.1,33.3,0.5,0.8,61.5,0.9,1.8,2.8,0.3,0.7,0.1,0.4,1.4,8.8,0.0,0.0,-1.6
Isaiah Roby,NYK,25,42,9,33,11.3,4.1,1.6,3.7,43.2,0.4,1.4,30.0,0.5,1.0,48.8,0.5,2.1,2.6,0.9,0.7,0.4,0.2,1.3,9.6,0.0,0.0,-2.6
Olivier Sarr,OKC,24,9,5,4,12.6,4.0,1.7,3.3,50.0,0.1,0.9,12.5,0.6,0.8,71.4,1.3,2.1,3.4,0.4,0.4,0.1,0.6,1.9,10.4,1.0,0.0,1.6
Daishen Nix,HOU,21,57,15,42,16.0,4.0,1.4,4.2,34.2,0.7,2.5,28.6,0.4,0.6,66.7,0.3,1.4,1.7,2.3,1.5,0.5,0.1,1.0,10.0,0.0,0.0,-2.6
Patrick Baldwin,GSW,20,31,15,16,7.3,3.9,1.4,3.5,39.4,1.0,2.7,38.1,0.1,0.2,66.7,0.0,1.3,1.3,0.4,0.4,0.2,0.1,0.5,6.6,0.0,0.0,-1.6
Dominick Barlow,SAS,20,28,5,23,14.6,3.9,1.6,3.1,53.5,0.0,0.1,0.0,0.6,0.9,72.0,1.6,2.0,3.6,0.9,0.5,0.4,0.7,2.0,12.2,2.0,0.0,-3.9
Bruno Fernando,ATL,24,39,13,26,10.4,3.9,1.5,2.9,52.7,0.0,0.1,0.0,0.9,1.3,70.0,1.4,2.1,3.5,0.8,0.6,0.2,0.9,1.9,11.8,1.0,0.0,-1.9
Aaron Holiday,ATL,26,63,32,31,13.4,3.9,1.5,3.5,41.8,0.6,1.4,40.9,0.4,0.5,84.4,0.4,0.8,1.2,1.4,0.6,0.6,0.2,1.3,9.2,0.0,0.0,0.3
Gorgui Dieng,SAS,33,31,3,28,11.6,3.9,1.5,3.8,38.5,0.7,2.4,28.0,0.3,0.4,76.9,0.9,2.6,3.5,1.7,1.0,0.1,0.5,1.8,11.3,2.0,0.0,-4.9
Jabari Walker,POR,20,56,21,35,11.1,3.9,1.5,3.5,41.9,0.3,1.0,28.6,0.6,0.8,75.6,0.9,1.5,2.3,0.6,0.5,0.2,0.2,1.2,8.3,0.0,0.0,-2.1
Udonis Haslem,MIA,43,7,4,3,10.3,3.9,1.4,4.1,34.5,0.4,1.3,33.3,0.6,0.7,80.0,0.6,1.0,1.6,0.0,0.1,0.1,0.3,1.6,6.9,0.0,0.0,-3.6
Dyson Daniels,NOP,20,59,33,26,17.7,3.8,1.5,3.5,41.8,0.5,1.5,31.4,0.4,0.7,65.0,0.6,2.6,3.2,2.3,1.0,0.7,0.2,1.7,12.9,0.0,0.0,-0.1
Xavier Cooks,WAS,27,10,2,8,12.6,3.8,1.7,2.8,60.7,0.0,0.1,0.0,0.4,1.0,40.0,1.6,2.2,3.8,0.6,0.8,0.6,0.4,1.3,11.5,1.0,0.0,1.9
JT Thor,CHA,20,69,22,47,14.0,3.8,1.4,3.4,39.9,0.6,1.8,31.7,0.5,0.7,70.2,0.5,1.7,2.2,0.5,0.6,0.3,0.3,1.0,8.5,0.0,0.0,-2.4
Caleb Houstan,ORL,20,51,20,31,15.9,3.8,1.3,3.6,36.3,0.9,2.7,33.8,0.3,0.4,83.3,0.7,1.3,1.9,0.6,0.4,0.2,0.1,1.2,7.8,0.0,0.0,-1.6
Furkan Korkmaz,PHI,25,37,24,13,9.6,3.8,1.3,3.0,43.2,0.5,1.2,39.1,0.7,1.0,72.2,0.2,1.0,1.1,0.6,0.6,0.3,0.1,0.5,6.4,0.0,0.0,0.1
Luke Kornet,BOS,27,69,45,24,11.7,3.8,1.6,2.5,66.5,0.0,0.2,23.1,0.5,0.6,82.1,1.2,1.6,2.9,0.8,0.4,0.2,0.7,1.2,10.5,0.0,0.0,0.9
Markieff Morris,DAL,33,35,17,18,10.1,3.8,1.3,3.3,40.9,0.8,2.0,39.4,0.3,0.3,100,0.4,1.7,2.0,0.9,0.5,0.3,0.1,1.4,8.2,1.0,0.0,0.3
Darius Days,HOU,23,4,0,4,6.2,3.8,1.3,3.0,41.7,0.8,2.5,30.0,0.5,0.5,100,0.3,1.3,1.5,0.3,0.0,0.0,0.3,0.5,6.7,0.0,0.0,0.3
Jordan McLaughlin,MIN,27,43,22,21,15.8,3.7,1.4,3.4,42.1,0.6,1.8,30.8,0.3,0.4,83.3,0.3,1.1,1.4,3.4,0.8,0.7,0.1,0.7,12.4,0.0,0.0,2.0
Orlando Robinson,MIA,22,31,18,13,13.7,3.7,1.5,2.9,52.8,0.0,0.2,0.0,0.7,1.0,71.0,1.5,2.5,4.1,0.8,0.5,0.4,0.4,1.7,11.6,0.0,0.0,0.9
A.J. Lawson,DAL,22,15,5,10,7.2,3.7,1.5,2.9,50.0,0.7,1.7,40.0,0.1,0.5,25.0,0.4,1.0,1.4,0.1,0.2,0.1,0.0,0.7,5.8,0.0,0.0,-3.1
David Duke Jr.,BKN,23,23,10,13,9.9,3.7,1.6,3.4,46.2,0.0,0.5,8.3,0.5,0.7,70.6,0.5,0.8,1.3,0.9,0.8,0.4,0.0,1.3,7.2,0.0,0.0,-1.5
Nathan Knight,MIN,25,38,19,19,7.7,3.7,1.2,2.1,56.8,0.2,0.6,36.4,1.0,1.5,68.4,0.6,0.9,1.5,0.3,0.6,0.3,0.2,1.1,6.7,0.0,0.0,-0.2
Matt Ryan,MIN,26,34,15,19,9.1,3.6,1.2,3.2,37.0,0.9,2.5,38.1,0.3,0.4,83.3,0.1,0.6,0.8,0.5,0.2,0.1,0.0,0.8,5.5,0.0,0.0,0.6
Bryn Forbes,MIN,29,25,9,16,10.7,3.6,1.2,3.3,36.1,0.6,1.8,30.4,0.6,0.6,100,0.2,0.4,0.6,0.7,0.5,0.3,0.1,0.9,5.9,0.0,0.0,-1.9
P.J. Tucker,PHI,38,75,48,27,25.6,3.5,1.3,3.0,42.7,0.7,1.9,39.3,0.3,0.3,82.6,1.3,2.7,3.9,0.8,0.6,0.5,0.2,2.4,11.0,0.0,0.0,1.8
Udoka Azubuike,UTA,23,36,17,19,10.0,3.5,1.6,2.0,81.9,0.0,0.0,0.0,0.2,0.6,35.0,0.9,2.4,3.3,0.3,0.5,0.2,0.4,0.9,9.1,0.0,0.0,-2.3
Miles McBride,NYK,22,64,36,28,11.9,3.5,1.2,3.4,35.8,0.6,2.1,29.9,0.4,0.7,66.7,0.2,0.6,0.8,1.1,0.4,0.6,0.1,0.9,7.8,0.0,0.0,0.8
Damian Jones,UTA,28,41,12,29,11.6,3.5,1.3,2.1,64.0,0.2,0.4,58.8,0.5,0.7,75.9,1.0,2.0,3.0,0.4,0.6,0.2,0.5,1.3,9.1,1.0,0.0,-2.0
Wesley Matthews,MIL,36,52,37,15,15.8,3.4,1.1,3.1,36.3,0.8,2.4,31.5,0.5,0.5,85.7,0.7,1.5,2.2,0.7,0.3,0.4,0.3,1.4,8.6,0.0,0.0,1.0
Amir Coffey,LAC,26,50,26,24,12.5,3.4,1.1,2.9,38.6,0.2,0.8,27.5,1.0,1.3,77.8,0.3,0.7,1.1,1.1,0.4,0.1,0.1,1.0,6.6,0.0,0.0,-2.3
Micah Potter,UTA,25,7,4,3,7.5,3.4,1.4,2.1,66.7,0.6,1.0,57.1,0.0,0.0,0.0,0.4,1.9,2.3,0.6,0.3,0.1,0.0,0.7,7.2,1.0,0.0,-0.4
Taj Gibson,WAS,38,49,21,28,9.8,3.4,1.3,2.6,52.0,0.2,0.5,33.3,0.6,0.9,71.4,0.7,1.2,1.9,0.7,0.5,0.3,0.2,1.7,7.9,0.0,0.0,-0.1
Jericho Sims,NYK,24,52,31,21,15.6,3.4,1.6,2.1,77.6,0.0,0.0,0.0,0.2,0.3,75.0,1.9,2.8,4.7,0.5,0.5,0.3,0.5,1.8,11.7,2.0,0.0,-2.2
Kai Jones,CHA,22,46,13,33,11.9,3.4,1.5,2.6,55.8,0.1,0.4,21.1,0.4,0.6,73.1,0.8,1.9,2.7,0.3,0.7,0.4,0.7,1.4,9.5,1.0,0.0,-0.7
Anthony Gill,WAS,30,59,21,38,10.6,3.3,1.2,2.2,53.8,0.1,0.5,13.8,0.8,1.1,73.1,0.6,1.1,1.7,0.6,0.3,0.1,0.2,1.2,6.9,0.0,0.0,-0.2
Boban Marjanovic,HOU,34,31,7,24,5.5,3.3,1.3,1.9,68.3,0.0,0.0,0.0,0.6,0.9,74.1,0.6,1.3,1.9,0.3,0.5,0.2,0.1,0.3,6.3,0.0,0.0,2.1
Raul Neto,CLE,31,48,31,17,10.5,3.3,1.2,2.3,51.8,0.3,0.9,28.6,0.6,0.7,91.2,0.2,0.8,1.0,1.6,0.5,0.4,0.1,1.0,7.7,0.0,0.0,0.2
Peyton Watson,DEN,20,23,13,10,8.1,3.3,1.3,2.6,49.2,0.3,0.6,42.9,0.5,0.9,55.0,0.3,1.3,1.6,0.5,0.3,0.1,0.5,0.6,7.3,0.0,0.0,-2.0
Jared Rhoden,DET,23,14,2,12,14.1,3.2,1.2,3.1,38.6,0.4,1.4,25.0,0.4,0.4,100,0.8,1.9,2.6,0.3,0.2,0.3,0.1,1.6,7.7,0.0,0.0,1.5
Christian Koloko,TOR,23,58,29,29,13.8,3.1,1.2,2.6,48.0,0.0,0.2,8.3,0.6,1.0,62.7,1.4,1.5,2.9,0.5,0.3,0.4,1.0,2.2,11.2,0.0,0.0,2.7
Max Christie,LAL,20,41,19,22,12.5,3.1,1.1,2.6,41.5,0.6,1.5,41.9,0.3,0.4,87.5,0.2,1.7,1.8,0.5,0.3,0.2,0.2,0.8,6.9,0.0,0.0,-1.9
Jordan Hall,SAS,21,9,1,8,9.2,3.1,1.0,3.1,32.1,0.3,1.7,20.0,0.8,1.0,77.8,0.3,1.0,1.3,1.2,0.8,0.1,0.0,0.7,6.1,0.0,0.0,-2.7
Richaun Holmes,SAC,29,42,22,20,8.3,3.1,1.3,2.1,61.8,0.1,0.2,62.5,0.4,0.5,78.9,0.7,1.2,1.9,0.2,0.3,0.1,0.3,1.2,6.4,1.0,0.0,-1.6
Josh Minott,MIN,20,15,7,8,6.4,3.1,1.2,2.4,50.0,0.1,0.4,33.3,0.5,0.5,100,0.3,1.3,1.7,0.3,0.2,0.3,0.4,0.7,7.4,1.0,0.0,1.6
Robin Lopez,CLE,35,37,25,12,8.1,3.0,1.3,2.0,64.0,0.1,0.1,50.0,0.4,0.5,77.8,0.6,0.8,1.4,0.5,0.7,0.1,0.2,1.2,5.6,0.0,0.0,-1.6
Jacob Gilyard,MEM,24,1,0,1,40.8,3.0,1.0,3.0,33.3,1.0,3.0,33.3,0.0,0.0,0.0,0.0,4.0,4.0,7.0,2.0,3.0,0.0,3.0,25.3,0.0,0.0,-13.0
Jake LaRavia,MEM,21,35,22,13,11.8,3.0,1.1,2.7,38.9,0.7,2.0,33.8,0.2,0.3,77.8,0.5,1.3,1.8,0.6,0.5,0.3,0.1,1.4,6.9,0.0,0.0,-2.2
Jamaree Bouyea,WAS,24,5,2,3,14.1,3.0,1.2,2.8,42.9,0.4,1.2,33.3,0.2,0.4,50.0,0.2,1.0,1.2,0.8,0.8,0.8,0.4,1.2,8.4,0.0,0.0,-3.4
Trevelin Queen,IND,26,7,2,5,10.0,3.0,1.0,4.1,24.1,0.3,2.1,13.3,0.7,0.7,100,1.1,1.3,2.4,0.9,1.0,0.3,0.7,0.6,9.2,0.0,0.0,2.0
Tyler Dorsey,DAL,27,3,2,1,2.8,3.0,1.3,1.7,80.0,0.3,0.7,50.0,0.0,0.0,0.0,0.3,0.3,0.7,0.0,0.0,0.0,0.0,0.0,3.8,0.0,0.0,0.7
Usman Garuba,HOU,21,75,21,54,12.9,3.0,1.1,2.4,48.6,0.3,0.8,40.7,0.4,0.6,61.7,1.6,2.5,4.1,0.9,0.6,0.6,0.4,1.8,11.5,0.0,0.0,-3.4
Juan Toscano-Anderson,UTA,30,52,19,33,13.5,3.0,1.2,2.8,44.8,0.2,0.8,18.6,0.4,0.5,79.2,0.5,1.8,2.4,1.3,0.7,0.3,0.2,1.5,8.6,0.0,0.0,-2.8
Dru Smith,BKN,25,15,7,8,10.6,2.9,1.2,3.0,40.0,0.3,1.3,26.3,0.2,0.2,100,0.1,1.5,1.6,1.5,0.2,0.7,0.3,1.5,9.7,0.0,0.0,-1.9
Jason Preston,LAC,23,14,4,10,8.8,2.9,1.3,2.9,43.9,0.4,1.3,27.8,0.0,0.1,0.0,0.1,1.4,1.6,1.9,0.7,0.1,0.0,0.5,7.4,0.0,0.0,-0.8
Juancho Hernangomez,TOR,27,42,20,22,14.6,2.9,1.1,2.7,42.1,0.4,1.6,25.4,0.2,0.4,56.3,0.6,2.3,2.9,0.6,0.4,0.4,0.1,1.0,8.5,1.0,0.0,0.3
Frank Ntilikina,DAL,24,47,20,27,12.9,2.9,1.0,2.8,36.4,0.4,1.4,25.4,0.5,0.7,66.7,0.1,1.2,1.3,1.2,0.6,0.3,0.1,1.4,7.2,0.0,0.0,0.7
Terry Taylor,CHI,23,31,13,18,8.5,2.9,1.3,2.4,52.0,0.2,0.6,26.3,0.2,0.4,54.5,0.9,0.6,1.5,0.3,0.3,0.1,0.2,0.8,5.8,0.0,0.0,0.6
Carlik Jones,CHI,25,7,4,3,8.0,2.9,0.9,2.1,40.0,0.4,0.9,50.0,0.7,1.1,62.5,0.1,0.6,0.7,0.9,0.3,0.3,0.0,0.3,5.6,0.0,0.0,3.7
James Johnson,IND,36,18,7,11,9.0,2.8,1.2,2.7,44.9,0.2,0.8,20.0,0.2,0.4,50.0,0.2,1.4,1.7,0.8,0.4,0.4,0.3,1.8,7.8,0.0,0.0,-0.4
Kessler Edwards,SAC,22,36,17,19,10.7,2.8,1.0,2.6,38.7,0.5,1.5,30.9,0.3,0.4,73.3,0.6,1.1,1.7,0.6,0.4,0.4,0.2,1.1,7.1,0.0,0.0,0.1
Moussa Diabate,LAC,21,22,10,12,8.9,2.7,1.1,2.1,51.1,0.0,0.1,50.0,0.5,0.7,62.5,1.4,0.9,2.3,0.2,0.4,0.3,0.4,0.7,7.3,0.0,0.0,-1.0
Jaden Springer,PHI,20,16,13,3,5.6,2.6,1.1,2.2,48.6,0.1,0.3,40.0,0.4,0.5,75.0,0.4,0.5,0.9,0.5,0.2,0.4,0.2,0.9,6.1,0.0,0.0,-0.2
Mamadi Diakite,CLE,26,22,15,7,8.0,2.6,1.1,2.3,48.0,0.3,1.0,33.3,0.1,0.1,100,0.4,1.0,1.4,0.4,0.5,0.2,0.4,1.2,6.0,0.0,0.0,-0.4
Isaiah Mobley,CLE,23,12,8,4,7.0,2.6,1.0,2.3,42.9,0.3,0.7,37.5,0.3,0.3,100,0.3,1.3,1.7,0.3,0.1,0.3,0.3,0.7,6.6,0.0,0.0,2.6
Ish Smith,DEN,34,43,25,18,9.3,2.5,1.2,3.0,39.7,0.0,0.3,16.7,0.0,0.1,50.0,0.1,1.1,1.3,2.3,1.0,0.2,0.2,0.8,7.5,0.0,0.0,-0.8
Lester Quinones,GSW,22,4,4,0,4.5,2.5,0.5,1.3,40.0,0.5,1.0,50.0,1.0,1.5,66.7,0.3,0.5,0.8,0.5,1.3,0.3,0.0,0.0,3.7,0.0,0.0,1.5
Frank Kaminsky,HOU,30,36,13,23,6.5,2.5,0.9,1.8,49.2,0.4,0.9,39.4,0.4,0.4,87.5,0.2,1.3,1.4,0.9,0.3,0.2,0.1,0.6,6.1,0.0,0.0,-0.1
Jeff Dowtin Jr.,TOR,26,25,17,8,10.3,2.4,1.0,2.3,43.9,0.2,0.6,31.3,0.2,0.4,66.7,0.2,0.7,0.9,1.2,0.2,0.4,0.1,0.5,6.6,0.0,0.0,-0.4
Neemias Queta,SAC,23,5,1,4,5.7,2.4,1.2,1.8,66.7,0.0,0.0,0.0,0.0,0.4,0.0,1.0,1.2,2.2,0.2,0.2,0.0,0.4,1.4,6.3,0.0,0.0,-6.0
Theo Pinson,DAL,27,40,19,21,8.1,2.4,0.8,2.2,35.6,0.6,1.6,35.5,0.3,0.3,84.6,0.3,1.3,1.6,1.2,0.3,0.2,0.0,0.9,6.2,1.0,1.0,-1.3
John Butler Jr.,POR,20,19,4,15,11.6,2.4,0.9,2.8,32.1,0.4,1.8,22.9,0.2,0.2,75.0,0.2,0.7,0.9,0.6,0.1,0.4,0.5,1.2,6.8,0.0,0.0,-3.7
Scotty Pippen Jr.,LAL,22,6,1,5,5.3,2.3,0.7,2.0,33.3,0.2,0.5,33.3,0.8,1.5,55.6,0.3,0.3,0.7,0.3,0.3,0.3,0.2,0.5,4.8,0.0,0.0,-0.2
Trent Forrest,ATL,25,23,9,14,12.0,2.3,1.1,2.6,41.7,0.0,0.1,0.0,0.1,0.1,66.7,0.2,1.4,1.6,1.7,0.7,0.3,0.1,0.7,7.2,0.0,0.0,-2.5
Dalen Terry,CHI,20,38,19,19,5.6,2.2,0.8,1.9,44.4,0.2,0.7,25.9,0.4,0.6,66.7,0.3,0.7,1.0,0.6,0.2,0.3,0.1,0.6,5.3,0.0,0.0,0.3
Ron Harper Jr.,TOR,23,9,6,3,5.3,2.2,0.9,1.8,50.0,0.3,1.0,33.3,0.1,0.1,100,0.3,0.4,0.8,0.4,0.0,0.0,0.1,0.3,4.2,0.0,0.0,2.1
Justin Champagnie,BOS,22,5,4,1,6.9,2.2,1.0,3.0,33.3,0.2,1.0,20.0,0.0,0.0,0.0,0.6,1.0,1.6,0.8,0.0,0.2,0.0,0.4,5.9,0.0,0.0,-0.8
Kennedy Chandler,MEM,20,36,22,14,7.8,2.2,1.0,2.3,42.2,0.1,0.4,13.3,0.2,0.4,46.2,0.3,0.8,1.1,1.6,0.5,0.3,0.1,0.4,6.8,0.0,0.0,-1.1
Khem Birch,SAS,30,20,9,11,8.1,2.2,1.0,1.6,59.4,0.1,0.1,50.0,0.2,0.3,80.0,0.4,0.9,1.3,0.4,0.4,0.3,0.3,1.2,5.3,0.0,0.0,0.3
Andre Iguodala,GSW,39,8,3,5,14.1,2.1,0.9,1.9,46.7,0.1,1.1,11.1,0.3,0.4,66.7,0.4,1.8,2.1,2.4,1.1,0.5,0.4,1.4,9.7,0.0,0.0,4.4
Davon Reed,LAL,28,43,29,14,8.0,2.1,0.7,2.0,33.3,0.4,1.1,37.0,0.4,0.6,66.7,0.2,1.1,1.4,0.5,0.5,0.3,0.1,0.9,5.4,0.0,0.0,-2.3
Nerlens Noel,BKN,29,17,4,13,11.5,2.1,0.8,2.1,36.1,0.1,0.1,50.0,0.5,0.7,66.7,0.6,2.1,2.7,0.6,0.8,0.9,0.6,1.9,10.0,0.0,0.0,-4.4
Chris Silva,DAL,26,1,1,0,3.0,2.0,1.0,1.0,100,0.0,0.0,0.0,0.0,0.0,0.0,0.0,0.0,0.0,0.0,1.0,0.0,0.0,2.0,1.0,0.0,0.0,1.0
Donovan Williams,ATL,21,2,1,1,2.1,2.0,1.0,2.5,40.0,0.0,1.0,0.0,0.0,0.0,0.0,0.0,1.0,1.0,0.0,0.0,0.0,0.0,0.0,3.2,0.0,0.0,3.0
Garrett Temple,NOP,37,25,16,9,6.5,2.0,0.7,1.8,40.0,0.4,1.0,42.3,0.1,0.2,75.0,0.2,0.5,0.7,0.5,0.2,0.4,0.1,0.6,4.8,0.0,0.0,-0.7
Stanley Umude,DET,24,1,0,1,2.1,2.0,0.0,1.0,0.0,0.0,1.0,0.0,2.0,2.0,100,0.0,0.0,0.0,0.0,0.0,1.0,1.0,0.0,8.0,0.0,0.0,3.0
Vince Williams Jr.,MEM,22,15,7,8,7.0,2.0,0.8,2.7,30.0,0.3,1.9,14.3,0.1,0.1,100,0.3,0.7,1.0,0.3,0.3,0.4,0.1,0.8,4.9,0.0,0.0,-2.3
Ryan Rollins,GSW,20,12,5,7,5.2,1.9,0.6,1.7,35.0,0.3,0.8,33.3,0.5,0.5,100,0.3,0.8,1.0,0.5,1.3,0.1,0.1,0.8,3.0,0.0,0.0,-3.9
Trevor Hudgins,HOU,24,5,0,5,5.7,1.8,0.4,1.8,22.2,0.4,1.6,25.0,0.6,0.6,100,0.0,0.0,0.0,0.6,0.2,0.0,0.0,0.2,2.5,0.0,0.0,0.6
Alize Johnson,SAS,27,4,1,3,7.4,1.8,0.8,1.5,50.0,0.0,0.5,0.0,0.3,0.5,50.0,0.5,2.0,2.5,0.3,1.0,0.3,0.0,0.8,4.9,0.0,0.0,3.0
Greg Brown III,POR,21,16,10,6,5.8,1.8,0.7,1.8,39.3,0.1,0.4,14.3,0.3,0.8,41.7,0.1,1.1,1.2,0.2,0.4,0.3,0.3,0.8,4.8,0.0,0.0,-0.3
Xavier Moon,LAC,28,4,2,2,4.9,1.8,0.8,2.3,33.3,0.3,0.8,33.3,0.0,0.0,0.0,0.0,0.8,0.8,1.3,0.3,0.0,0.0,0.5,4.3,0.0,0.0,0.8
Dylan Windler,CLE,26,3,3,0,3.5,1.7,0.7,1.0,66.7,0.3,0.7,50.0,0.0,0.0,0.0,0.0,0.0,0.0,0.3,0.3,0.3,0.0,0.0,2.8,0.0,0.0,-0.3
Alex Len,SAC,30,26,15,11,6.2,1.7,0.6,1.2,53.3,0.0,0.1,0.0,0.4,0.6,68.8,0.9,1.4,2.3,0.5,0.6,0.2,0.4,1.1,6.2,0.0,0.0,0.7
Buddy Boeheim,DET,23,10,2,8,9.0,1.6,0.5,2.7,18.5,0.4,2.5,16.0,0.2,0.2,100,0.2,0.4,0.6,0.4,0.0,0.2,0.0,0.6,3.5,0.0,0.0,0.3
JD Davison,BOS,20,12,11,1,5.5,1.6,0.7,1.6,42.1,0.2,0.6,28.6,0.1,0.2,50.0,0.2,0.6,0.8,0.9,0.3,0.2,0.2,0.4,4.5,0.0,0.0,-0.5
Tony Bradley,CHI,25,12,5,7,2.8,1.6,0.5,1.0,50.0,0.3,0.4,60.0,0.3,0.3,100,0.1,0.8,0.9,0.1,0.1,0.1,0.1,0.2,3.2,0.0,0.0,0.9
Isaiah Todd,WAS,21,6,2,4,10.2,1.5,0.5,3.2,15.8,0.2,1.7,10.0,0.3,0.3,100,0.3,1.7,2.0,0.7,0.3,0.2,0.0,0.7,5.1,0.0,0.0,-1.2
Jordan Schakel,WAS,25,2,0,2,3.1,1.5,0.5,1.0,50.0,0.5,0.5,100,0.0,0.0,0.0,0.0,0.0,0.0,0.5,0.0,0.5,0.0,0.5,3.8,0.0,0.0,3.0
Kendall Brown,IND,20,6,1,5,6.7,1.5,0.7,1.2,57.1,0.0,0.2,0.0,0.2,0.3,50.0,0.3,0.7,1.0,0.5,0.3,0.7,0.0,1.5,5.1,0.0,0.0,0.7
Keon Ellis,SAC,23,16,7,9,4.4,1.5,0.4,1.0,43.8,0.4,0.8,50.0,0.3,0.4,57.1,0.3,0.3,0.5,0.4,0.1,0.3,0.1,0.6,3.7,0.0,0.0,-1.3
Mfiondu Kabengele,BOS,25,4,3,1,9.1,1.5,0.5,1.8,28.6,0.0,0.8,0.0,0.5,0.5,100,1.3,1.3,2.5,0.0,0.3,0.5,0.0,0.8,5.8,0.0,0.0,-1.3
Matthew Dellavedova,SAC,32,32,19,13,6.6,1.5,0.5,1.6,34.0,0.3,0.8,33.3,0.1,0.2,57.1,0.0,0.4,0.4,1.3,0.3,0.2,0.0,0.6,4.2,0.0,0.0,-1.6
Wendell Moore Jr.,MIN,21,29,16,13,5.3,1.4,0.6,1.5,41.9,0.1,0.6,11.8,0.1,0.2,80.0,0.1,0.5,0.6,0.6,0.3,0.3,0.2,0.4,4.2,0.0,0.0,-1.8
Thanasis Antetokounmpo,MIL,30,37,25,12,5.6,1.4,0.5,1.2,43.5,0.0,0.2,0.0,0.3,0.6,50.0,0.4,0.8,1.2,0.4,0.3,0.1,0.1,0.6,3.6,0.0,0.0,-3.1
PJ Dozier,SAC,26,16,11,5,5.0,1.4,0.6,2.1,30.3,0.1,1.0,12.5,0.0,0.0,0.0,0.1,0.8,0.9,0.6,0.3,0.4,0.1,0.4,4.4,0.0,0.0,-1.4
Braxton Key,DET,26,3,0,3,3.0,1.3,0.3,0.3,100,0.0,0.0,0.0,0.7,0.7,100,0.0,0.3,0.3,0.0,0.0,0.0,0.0,0.0,1.7,0.0,0.0,-1.0
KZ Okpala,SAC,24,35,19,16,7.1,1.3,0.5,1.1,42.1,0.2,0.6,33.3,0.2,0.2,87.5,0.2,0.8,1.0,0.4,0.2,0.2,0.2,1.1,4.0,0.0,0.0,-0.3
Tyrese Martin,ATL,24,16,10,6,4.1,1.3,0.6,1.4,39.1,0.1,0.4,14.3,0.1,0.1,100,0.3,0.4,0.8,0.1,0.1,0.1,0.0,0.1,2.5,0.0,0.0,0.1
Ryan Arcidiacono,POR,29,20,9,11,8.6,1.3,0.5,1.9,24.3,0.4,1.2,34.8,0.0,0.0,0.0,0.0,0.8,0.8,1.2,0.4,0.3,0.0,0.9,4.3,0.0,0.0,-2.0
Cole Swider,LAL,24,7,2,5,5.9,1.3,0.4,1.3,33.3,0.4,1.1,37.5,0.0,0.0,0.0,0.1,0.9,1.0,0.6,0.0,0.0,0.0,0.4,3.3,0.0,0.0,0.4
Facundo Campazzo,DAL,32,8,2,6,6.5,1.3,0.4,1.6,23.1,0.4,1.4,27.3,0.1,0.3,50.0,0.0,0.3,0.3,1.1,0.4,0.8,0.0,0.4,5.1,0.0,0.0,1.4
Vit Krejci,ATL,23,29,15,14,5.7,1.2,0.5,1.3,40.5,0.2,0.7,23.8,0.0,0.1,50.0,0.2,0.7,0.9,0.6,0.2,0.2,0.0,0.6,3.6,0.0,0.0,-0.1
Jack White,DEN,25,17,13,4,3.9,1.2,0.5,1.1,42.1,0.2,0.5,33.3,0.1,0.2,66.7,0.4,0.6,1.0,0.2,0.1,0.2,0.1,0.5,3.6,0.0,0.0,-1.0
Noah Vonleh,BOS,27,23,17,6,7.5,1.1,0.5,1.0,45.8,0.0,0.2,25.0,0.1,0.1,100,0.8,1.3,2.1,0.3,0.5,0.1,0.3,1.5,4.9,0.0,0.0,-0.6
Chima Moneke,SAC,27,2,1,1,4.0,1.0,0.5,1.0,50.0,0.0,0.0,0.0,0.0,1.0,0.0,1.0,0.0,1.0,0.5,1.0,0.0,0.0,1.0,2.0,0.0,0.0,-4.5
Joe Wieskamp,TOR,23,9,6,3,5.5,1.0,0.3,1.6,21.4,0.3,1.3,25.0,0.0,0.0,0.0,0.0,0.4,0.4,0.3,0.1,0.0,0.0,0.3,1.9,0.0,0.0,0.2
Kobi Simmons,CHA,25,5,1,4,5.6,1.0,0.2,1.2,16.7,0.2,1.0,20.0,0.4,0.4,100,0.2,0.6,0.8,1.0,0.2,0.0,0.4,0.0,4.5,0.0,0.0,-3.8
Malcolm Hill,CHI,27,5,4,1,1.8,1.0,0.4,0.8,50.0,0.2,0.6,33.3,0.0,0.0,0.0,0.0,0.6,0.6,0.0,0.0,0.0,0.0,0.2,1.7,0.0,0.0,1.8
Trevor Keels,NYK,19,3,3,0,2.7,1.0,0.3,1.3,25.0,0.3,1.3,25.0,0.0,0.0,0.0,0.0,0.7,0.7,0.0,0.0,0.0,0.0,0.0,1.8,0.0,0.0,-6.0
Justin Jackson,BOS,28,23,15,8,4.7,0.9,0.3,1.2,25.9,0.2,0.9,25.0,0.0,0.1,50.0,0.1,0.7,0.7,0.4,0.1,0.2,0.2,0.3,3.3,0.0,0.0,-3.1
Marko Simonovic,CHI,23,7,3,4,2.8,0.9,0.3,1.0,28.6,0.1,0.6,25.0,0.1,0.3,50.0,0.1,0.1,0.3,0.0,0.0,0.0,0.0,0.7,1.2,0.0,0.0,2.1
Dereon Seabron,NOP,23,5,2,3,2.3,0.8,0.4,1.0,40.0,0.0,0.0,0.0,0.0,0.0,0.0,0.2,0.0,0.2,0.0,0.0,0.0,0.0,0.2,1.0,0.0,0.0,2.0
Vernon Carey Jr.,UTA,22,11,8,3,2.6,0.5,0.2,0.7,25.0,0.0,0.0,0.0,0.2,0.2,100,0.3,0.7,1.0,0.3,0.2,0.2,0.2,0.5,3.1,0.0,0.0,-0.9
Devon Dotson,WAS,23,6,1,5,8.9,0.5,0.2,1.7,10.0,0.2,0.7,25.0,0.0,0.0,0.0,1.0,0.7,1.7,1.3,0.5,0.8,0.0,1.5,6.5,0.0,0.0,-0.5
Leandro Bolmaro,UTA,22,14,8,6,4.9,0.4,0.2,1.4,15.0,0.0,0.3,0.0,0.0,0.0,0.0,0.3,0.2,0.5,0.5,0.5,0.2,0.1,0.7,2.1,0.0,0.0,0.1
Alondes Williams,BKN,24,1,1,0,5.3,0.0,0.0,0.0,0.0,0.0,0.0,0.0,0.0,0.0,0.0,0.0,1.0,1.0,0.0,2.0,0.0,0.0,1.0,-0.8,0.0,0.0,-5.0
Deonte Burton,SAC,29,2,1,1,3.2,0.0,0.0,1.0,0.0,0.0,0.5,0.0,0.0,0.0,0.0,0.0,0.0,0.0,0.0,0.0,0.0,0.0,0.0,0.0,0.0,0.0,2.5
Frank Jackson,UTA,25,1,0,1,5.1,0.0,0.0,3.0,0.0,0.0,1.0,0.0,0.0,0.0,0.0,1.0,1.0,2.0,1.0,0.0,0.0,0.0,0.0,3.9,0.0,0.0,-2.0
Michael Foster Jr.,PHI,20,1,1,0,1.0,0.0,0.0,0.0,0.0,0.0,0.0,0.0,0.0,0.0,0.0,0.0,0.0,0.0,0.0,0.0,0.0,0.0,0.0,0.0,0.0,0.0,-2.0
Sterling Brown,LAL,28,4,2,2,6.1,0.0,0.0,1.0,0.0,0.0,0.5,0.0,0.0,0.0,0.0,0.8,1.3,2.0,0.5,0.0,0.8,0.0,1.0,5.4,0.0,0.0,-1.0
